order_id,order_date,customername,state,city,customer_name,customer_id
B-26055,2018-03-10,Harivansh,Uttar Pradesh,Mathura,Harivansh,CUST-103
B-25993,2018-02-03,Madhav,Delhi,Delhi,Madhav,CUST-143
B-25973,2018-01-24,Madan Mohan,Uttar Pradesh,Mathura,Madan Mohan,CUST-142
B-25923,2018-12-27,Gopal,Maharashtra,Mumbai,Gopal,CUST-100
B-25757,2018-08-21,Vishakha,Madhya Pradesh,Indore,Vishakha,CUST-329
B-25967,2018-01-21,Sudevi,Uttar Pradesh,Prayagraj,Sudevi,CUST-290
B-25955,2018-01-16,Shiva,Maharashtra,Pune,Shiva,CUST-260
B-26093,2018-03-27,Sarita,Maharashtra,Pune,Sarita,CUST-246
B-25798,2018-10-01,Shishu,Andhra Pradesh,Hyderabad,Shishu,CUST-259
B-25602,2018-04-01,Vrinda,Maharashtra,Pune,Vrinda,CUST-331
B-25858,2018-11-13,Uudhav,Maharashtra,Mumbai,Uudhav,CUST-320
B-25969,2018-01-21,Shreyshi,Gujarat,Surat,Shreyshi,CUST-268
B-26099,2018-03-30,Bhishm,Maharashtra,Mumbai,Bhishm,CUST-068
B-25997,2018-02-04,Yogesh,Maharashtra,Pune,Yogesh,CUST-335
B-25881,2018-11-25,Lalita,Uttar Pradesh,Mathura,Lalita,CUST-140
B-25761,2018-08-25,Madhav,Uttar Pradesh,Mathura,Madhav,CUST-143
B-25887,2018-12-01,Vishakha,Uttar Pradesh,Prayagraj,Vishakha,CUST-329
B-25823,2018-10-18,Rohan,Maharashtra,Mumbai,Rohan,CUST-228
B-25853,2018-11-08,Gaurav,Gujarat,Ahmedabad,Gaurav,CUST-096
B-25862,2018-11-15,Amol,Bihar,Patna,Amol,CUST-025
B-25830,2018-10-26,Aastha,Himachal Pradesh,Simla,Aastha,CUST-003
B-25786,2018-09-19,Madan Mohan,Uttar Pradesh,Mathura,Madan Mohan,CUST-142
B-25686,2018-06-11,Pooja,Himachal Pradesh,Simla,Pooja,CUST-205
B-26022,2018-02-18,Shrichand,Punjab,Chandigarh,Shrichand,CUST-269
B-26003,2018-02-08,Hitesh,Madhya Pradesh,Bhopal,Hitesh,CUST-109
B-25755,2018-08-19,Shourya,Kerala,Thiruvananthapuram,Shourya,CUST-265
B-25902,2018-12-10,Ishpreet,Maharashtra,Mumbai,Ishpreet,CUST-114
B-25935,2018-01-04,Sudhir,Nagaland,Kohima,Sudhir,CUST-292
B-25797,2018-09-30,Sauptik,Madhya Pradesh,Indore,Sauptik,CUST-248
B-25639,2018-04-27,Lisha,Madhya Pradesh,Bhopal,Lisha,CUST-141
B-25681,2018-06-04,Bhawna,Madhya Pradesh,Indore,Bhawna,CUST-067
B-25909,2018-12-13,Sujay,Maharashtra,Pune,Sujay,CUST-294
B-25910,2018-12-14,Jay,Delhi,Delhi,Jay,CUST-117
B-25950,2018-01-13,Shruti,Madhya Pradesh,Indore,Shruti,CUST-270
B-25613,2018-04-12,Mohan,Haryana,Chandigarh,Mohan,CUST-161
B-25919,2018-12-23,Neha,Rajasthan,Udaipur,Neha,CUST-176
B-25768,2018-09-01,Shreyoshe,Karnataka,Bangalore,Shreyoshe,CUST-267
B-25629,2018-04-24,Hemant,Kerala,Thiruvananthapuram,Hemant,CUST-108
B-25729,2018-07-22,Madhulika,Madhya Pradesh,Bhopal,Madhulika,CUST-144
B-25943,2018-01-09,Shardul,Gujarat,Ahmedabad,Shardul,CUST-254
B-25842,2018-11-02,Sheetal,Maharashtra,Pune,Sheetal,CUST-256
B-26073,2018-03-21,Pournamasi,Madhya Pradesh,Indore,Pournamasi,CUST-206
B-25778,2018-09-11,Surabhi,Maharashtra,Mumbai,Surabhi,CUST-300
B-25717,2018-07-12,Manshul,Uttar Pradesh,Lucknow,Manshul,CUST-153
B-26085,2018-03-26,Shrichand,Punjab,Chandigarh,Shrichand,CUST-269
B-26048,2018-03-04,Parth,Maharashtra,Pune,Parth,CUST-198
B-25793,2018-09-24,Siddharth,Madhya Pradesh,Indore,Siddharth,CUST-275
B-25656,2018-05-11,Priyanka,Maharashtra,Pune,Priyanka,CUST-216
B-25608,2018-04-08,Aarushi,Tamil Nadu,Chennai,Aarushi,CUST-002
B-25752,2018-08-14,Vaibhav,Madhya Pradesh,Indore,Vaibhav,CUST-321
B-25779,2018-09-12,Savi,Maharashtra,Pune,Savi,CUST-250
B-25603,2018-04-03,Jahan,Madhya Pradesh,Bhopal,Jahan,CUST-115
B-26051,2018-03-07,Parishi,West Bengal,Kolkata,Parishi,CUST-194
B-25653,2018-05-08,Farah,Nagaland,Kohima,Farah,CUST-095
B-25855,2018-11-08,Abhijeet,Madhya Pradesh,Bhopal,Abhijeet,CUST-006
B-25762,2018-08-26,Anudeep,Madhya Pradesh,Indore,Anudeep,CUST-039
B-25995,2018-02-04,Yohann,Delhi,Delhi,Yohann,CUST-336
B-25929,2018-01-02,Girase,Kerala,Thiruvananthapuram,Girase,CUST-099
B-26006,2018-02-09,Arpita,Karnataka,Bangalore,Arpita,CUST-047
B-25697,2018-06-22,Vijay,Jammu and Kashmir,Kashmir,Vijay,CUST-324
B-25836,2018-10-29,Arti,Maharashtra,Pune,Arti,CUST-049
B-25601,2018-04-01,Bharat,Gujarat,Ahmedabad,Bharat,CUST-064
B-25873,2018-11-23,Divyeta,Madhya Pradesh,Indore,Divyeta,CUST-091
B-26028,2018-02-20,Manju,Andhra Pradesh,Hyderabad,Manju,CUST-152
B-25964,2018-01-20,Oshin,Maharashtra,Pune,Oshin,CUST-189
B-25676,2018-06-01,Chandni,Rajasthan,Jaipur,Chandni,CUST-072
B-25839,2018-10-30,Pranjali,West Bengal,Kolkata,Pranjali,CUST-211
B-25894,2018-12-04,Monu,Punjab,Amritsar,Monu,CUST-164
B-25925,2018-12-29,Shruti,Maharashtra,Mumbai,Shruti,CUST-270
B-25953,2018-01-14,Krutika,Andhra Pradesh,Hyderabad,Krutika,CUST-137
B-25772,2018-09-02,Sanjana,Bihar,Patna,Sanjana,CUST-240
B-25957,2018-01-18,Mahima,Madhya Pradesh,Indore,Mahima,CUST-145
B-25730,2018-07-22,Rishabh,Rajasthan,Jaipur,Rishabh,CUST-225
B-25877,2018-11-24,Dashyam,Gujarat,Surat,Dashyam,CUST-079
B-26067,2018-03-16,Tulika,Madhya Pradesh,Bhopal,Tulika,CUST-315
B-25810,2018-10-10,Nripraj,Punjab,Chandigarh,Nripraj,CUST-187
B-25868,2018-11-18,Vikash,Goa,Goa,Vikash,CUST-325
B-26023,2018-02-19,Mukesh,Haryana,Chandigarh,Mukesh,CUST-170
B-25626,2018-04-23,Bhishm,Maharashtra,Mumbai,Bhishm,CUST-068
B-25937,2018-01-05,Ankit,Haryana,Chandigarh,Ankit,CUST-034
B-25610,2018-04-09,Yogesh,Bihar,Patna,Yogesh,CUST-335
B-25777,2018-09-10,Aditi,Madhya Pradesh,Indore,Aditi,CUST-010
B-25738,2018-08-02,Ayush,Punjab,Chandigarh,Ayush,CUST-061
B-25978,2018-01-27,Parin,Maharashtra,Mumbai,Parin,CUST-193
B-25643,2018-04-29,Kirti,Jammu and Kashmir,Kashmir,Kirti,CUST-132
B-25728,2018-07-22,Ameesha,Maharashtra,Pune,Ameesha,CUST-021
B-25749,2018-08-13,Ayush,Maharashtra,Mumbai,Ayush,CUST-061
B-25667,2018-05-23,Anjali,Haryana,Chandigarh,Anjali,CUST-033
B-25657,2018-05-13,Tulika,Madhya Pradesh,Bhopal,Tulika,CUST-315
B-25753,2018-08-17,Shivam,Uttar Pradesh,Lucknow,Shivam,CUST-261
B-26061,2018-03-14,Anurag,Madhya Pradesh,Indore,Anurag,CUST-040
B-25838,2018-10-29,Sanjana,Madhya Pradesh,Indore,Sanjana,CUST-240
B-25702,2018-06-27,Shaily,Maharashtra,Mumbai,Shaily,CUST-251
B-25952,2018-01-13,Priyanka,Madhya Pradesh,Indore,Priyanka,CUST-216
B-25666,2018-05-22,Tanvi,Punjab,Chandigarh,Tanvi,CUST-310
B-25675,2018-05-31,Shreya,Madhya Pradesh,Bhopal,Shreya,CUST-266
B-25650,2018-05-06,Chirag,Maharashtra,Mumbai,Chirag,CUST-077
B-25986,2018-01-31,Shweta,Rajasthan,Udaipur,Shweta,CUST-273
B-25850,2018-11-05,Abhishek,Goa,Goa,Abhishek,CUST-008
B-25898,2018-12-07,Abhishek,Rajasthan,Udaipur,Abhishek,CUST-008
B-25813,2018-10-10,Hrisheekesh,Maharashtra,Mumbai,Hrisheekesh,CUST-111
B-25825,2018-10-21,Kartik,Madhya Pradesh,Indore,Kartik,CUST-128
B-25954,2018-01-14,Trupti,Gujarat,Ahmedabad,Trupti,CUST-314
B-25696,2018-06-21,Noopur,Karnataka,Bangalore,Noopur,CUST-185
B-25638,2018-04-26,Parth,Maharashtra,Pune,Parth,CUST-198
B-25747,2018-08-11,Harsh,Madhya Pradesh,Bhopal,Harsh,CUST-104
B-25904,2018-12-10,Swapnil,Delhi,Delhi,Swapnil,CUST-303
B-25852,2018-11-07,Soumyabrata,Andhra Pradesh,Hyderabad,Soumyabrata,CUST-285
B-25981,2018-01-28,Amruta,Delhi,Delhi,Amruta,CUST-026
B-25899,2018-12-08,Aishwarya,Uttar Pradesh,Prayagraj,Aishwarya,CUST-012
B-25870,2018-11-20,Pranav,Andhra Pradesh,Hyderabad,Pranav,CUST-209
B-26040,2018-02-26,Sahil,Punjab,Chandigarh,Sahil,CUST-233
B-25671,2018-05-27,Mitali,Nagaland,Kohima,Mitali,CUST-160
B-26100,2018-03-31,Hitika,Madhya Pradesh,Indore,Hitika,CUST-110
B-25651,2018-05-07,Anurag,Madhya Pradesh,Indore,Anurag,CUST-040
B-25968,2018-01-21,Paromita,Punjab,Amritsar,Paromita,CUST-197
B-26019,2018-02-15,Jitesh,Uttar Pradesh,Lucknow,Jitesh,CUST-122
B-25664,2018-05-20,Pratyusmita,Bihar,Patna,Pratyusmita,CUST-214
B-26033,2018-02-22,Atharv,West Bengal,Kolkata,Atharv,CUST-057
B-26052,2018-03-08,Ajay,Karnataka,Bangalore,Ajay,CUST-013
B-25999,2018-02-05,Diwakar,Delhi,Delhi,Diwakar,CUST-092
B-25781,2018-09-14,Rutuja,Gujarat,Ahmedabad,Rutuja,CUST-230
B-25764,2018-08-28,Sanjova,Maharashtra,Pune,Sanjova,CUST-243
B-25803,2018-10-05,Shivanshu,Madhya Pradesh,Indore,Shivanshu,CUST-264
B-25945,2018-01-11,Mhatre,Madhya Pradesh,Indore,Mhatre,CUST-159
B-26086,2018-03-26,Mukesh,Haryana,Chandigarh,Mukesh,CUST-170
B-25845,2018-11-03,Snel,Kerala,Thiruvananthapuram,Snel,CUST-280
B-25817,2018-10-13,Praneet,Maharashtra,Mumbai,Praneet,CUST-210
B-25951,2018-01-13,Jesal,West Bengal,Kolkata,Jesal,CUST-120
B-25970,2018-01-22,Rhea,Maharashtra,Mumbai,Rhea,CUST-224
B-25878,2018-11-24,Mrinal,Maharashtra,Mumbai,Mrinal,CUST-167
B-26057,2018-03-10,Sharda,Kerala,Thiruvananthapuram,Sharda,CUST-253
B-25885,2018-11-28,Shatayu,Madhya Pradesh,Indore,Shatayu,CUST-255
B-25897,2018-12-06,Rohan,Madhya Pradesh,Indore,Rohan,CUST-228
B-25756,2018-08-20,Mohan,Maharashtra,Mumbai,Mohan,CUST-161
B-25859,2018-11-14,Chikku,Madhya Pradesh,Indore,Chikku,CUST-076
B-25691,2018-06-16,Akancha,Maharashtra,Mumbai,Akancha,CUST-014
B-25633,2018-04-26,Amit,Sikkim,Gangtok,Amit,CUST-023
B-25708,2018-07-01,Kishwar,Madhya Pradesh,Indore,Kishwar,CUST-133
B-25831,2018-10-27,Mahima,Sikkim,Gangtok,Mahima,CUST-145
B-25856,2018-11-10,Abhijeet,Maharashtra,Mumbai,Abhijeet,CUST-006
B-25893,2018-12-04,Vrinda,Uttar Pradesh,Mathura,Vrinda,CUST-331
B-25959,2018-01-18,Muskan,Madhya Pradesh,Indore,Muskan,CUST-172
B-26000,2018-02-06,Shubham,Delhi,Delhi,Shubham,CUST-271
B-26097,2018-03-28,Vini,Karnataka,Bangalore,Vini,CUST-327
B-25745,2018-08-09,Kartik,Gujarat,Ahmedabad,Kartik,CUST-128
B-25974,2018-01-25,Manisha,Rajasthan,Udaipur,Manisha,CUST-150
B-25670,2018-05-25,Charika,Goa,Goa,Charika,CUST-073
B-25848,2018-11-03,Rohan,Himachal Pradesh,Simla,Rohan,CUST-228
B-25888,2018-12-02,Rohan,Punjab,Amritsar,Rohan,CUST-228
B-25942,2018-01-08,Ankur,Andhra Pradesh,Hyderabad,Ankur,CUST-036
B-25847,2018-11-03,Aniket,Haryana,Chandigarh,Aniket,CUST-030
B-25636,2018-04-26,Nishi,Maharashtra,Mumbai,Nishi,CUST-183
B-25826,2018-10-22,Tanushree,Maharashtra,Mumbai,Tanushree,CUST-309
B-26081,2018-03-22,Aarushi,Tamil Nadu,Chennai,Aarushi,CUST-002
B-25625,2018-04-23,Pinky,Jammu and Kashmir,Kashmir,Pinky,CUST-202
B-25802,2018-10-05,Yash,Maharashtra,Mumbai,Yash,CUST-334
B-25693,2018-06-18,Parna,Madhya Pradesh,Bhopal,Parna,CUST-195
B-25796,2018-09-24,Sukrith,Maharashtra,Mumbai,Sukrith,CUST-296
B-25806,2018-10-06,Dhanraj,Madhya Pradesh,Indore,Dhanraj,CUST-082
B-25710,2018-07-05,Megha,Maharashtra,Pune,Megha,CUST-157
B-25669,2018-05-25,Piyali,Sikkim,Gangtok,Piyali,CUST-203
B-25857,2018-11-10,Anand,Madhya Pradesh,Indore,Anand,CUST-027
B-25785,2018-09-15,Ayush,West Bengal,Kolkata,Ayush,CUST-061
B-25930,2018-01-03,Monica,Punjab,Chandigarh,Monica,CUST-162
B-26053,2018-03-09,Kirti,Jammu and Kashmir,Kashmir,Kirti,CUST-132
B-26070,2018-03-18,Shruti,Karnataka,Bangalore,Shruti,CUST-270
B-25791,2018-09-24,Avish,Kerala,Thiruvananthapuram,Avish,CUST-059
B-25983,2018-01-30,Atul,Delhi,Delhi,Atul,CUST-058
B-25979,2018-01-27,Shivangi,Madhya Pradesh,Indore,Shivangi,CUST-262
B-26054,2018-03-10,Mayank,Maharashtra,Mumbai,Mayank,CUST-156
B-26078,2018-03-22,Kasheen,West Bengal,Kolkata,Kasheen,CUST-130
B-25787,2018-09-20,Asish,Jammu and Kashmir,Kashmir,Asish,CUST-056
B-25682,2018-06-07,Krutika,Bihar,Patna,Krutika,CUST-137
B-25962,2018-01-19,Tejeswini,Maharashtra,Pune,Tejeswini,CUST-313
B-25750,2018-08-14,Priyanshu,Madhya Pradesh,Indore,Priyanshu,CUST-217
B-25828,2018-10-24,Nikita,Punjab,Chandigarh,Nikita,CUST-180
B-25622,2018-04-22,Monisha,Rajasthan,Jaipur,Monisha,CUST-163
B-25751,2018-08-14,Nishant,Maharashtra,Mumbai,Nishant,CUST-182
B-25685,2018-06-10,Sheetal,Madhya Pradesh,Indore,Sheetal,CUST-256
B-26010,2018-02-11,Kartikay,Bihar,Patna,Kartikay,CUST-129
B-26035,2018-02-23,Pinky,Jammu and Kashmir,Kashmir,Pinky,CUST-202
B-25698,2018-06-23,Amisha,Tamil Nadu,Chennai,Amisha,CUST-022
B-25966,2018-01-21,Soumya,Rajasthan,Udaipur,Soumya,CUST-284
B-25832,2018-10-28,Harshita,Maharashtra,Mumbai,Harshita,CUST-105
B-25743,2018-08-07,Aman,Nagaland,Kohima,Aman,CUST-020
B-25886,2018-11-28,Brijesh,Rajasthan,Udaipur,Brijesh,CUST-071
B-25975,2018-01-25,Priyanka,Uttar Pradesh,Prayagraj,Priyanka,CUST-216
B-26098,2018-03-29,Pinky,Jammu and Kashmir,Kashmir,Pinky,CUST-202
B-25614,2018-04-13,Vandana,Himachal Pradesh,Simla,Vandana,CUST-323
B-25726,2018-07-21,Kiran,Maharashtra,Mumbai,Kiran,CUST-131
B-26050,2018-03-06,Paridhi,Rajasthan,Jaipur,Paridhi,CUST-192
B-25609,2018-04-09,Jitesh,Uttar Pradesh,Lucknow,Jitesh,CUST-122
B-25741,2018-08-03,Navdeep,Madhya Pradesh,Indore,Navdeep,CUST-175
B-25956,2018-01-17,Shreya,Maharashtra,Mumbai,Shreya,CUST-266
B-25689,2018-06-14,Bhaggyasree,Maharashtra,Mumbai,Bhaggyasree,CUST-063
B-25939,2018-01-05,Vineet,Sikkim,Gangtok,Vineet,CUST-326
B-25890,2018-12-04,Divyansha,Maharashtra,Mumbai,Divyansha,CUST-089
B-25814,2018-10-10,Swapnil,Madhya Pradesh,Indore,Swapnil,CUST-303
B-25718,2018-07-12,Anjali,Maharashtra,Mumbai,Anjali,CUST-033
B-25914,2018-12-18,Kajal,Delhi,Delhi,Kajal,CUST-124
B-25903,2018-12-10,Amlan,Madhya Pradesh,Indore,Amlan,CUST-024
B-26096,2018-03-28,Atharv,West Bengal,Kolkata,Atharv,CUST-057
B-25654,2018-05-10,Sabah,Maharashtra,Mumbai,Sabah,CUST-231
B-26076,2018-03-21,Jahan,Madhya Pradesh,Bhopal,Jahan,CUST-115
B-25961,2018-01-18,Surbhi,Gujarat,Ahmedabad,Surbhi,CUST-302
B-25854,2018-11-08,Shubham,Maharashtra,Pune,Shubham,CUST-271
B-25642,2018-04-28,Ajay,Karnataka,Bangalore,Ajay,CUST-013
B-25683,2018-06-08,Shreya,Kerala,Thiruvananthapuram,Shreya,CUST-266
B-26016,2018-02-14,Hazel,Karnataka,Bangalore,Hazel,CUST-106
B-26034,2018-02-23,Vini,Karnataka,Bangalore,Vini,CUST-327
B-26056,2018-03-10,Sonal,Bihar,Patna,Sonal,CUST-282
B-25819,2018-10-15,Ankur,Madhya Pradesh,Bhopal,Ankur,CUST-036
B-25715,2018-07-10,Srishti,Jammu and Kashmir,Kashmir,Srishti,CUST-286
B-25933,2018-01-04,Shikhar,Maharashtra,Mumbai,Shikhar,CUST-258
B-26014,2018-02-13,Divsha,Rajasthan,Jaipur,Divsha,CUST-087
B-25655,2018-05-11,Nida,Madhya Pradesh,Indore,Nida,CUST-177
B-25816,2018-10-12,Mane,Andhra Pradesh,Hyderabad,Mane,CUST-147
B-25634,2018-04-26,Sanjay,Goa,Goa,Sanjay,CUST-241
B-25895,2018-12-04,Sathya,Gujarat,Surat,Sathya,CUST-247
B-25687,2018-06-11,Sanjna,Maharashtra,Mumbai,Sanjna,CUST-242
B-25662,2018-05-17,Sweta,Maharashtra,Mumbai,Sweta,CUST-305
B-25635,2018-04-26,Nidhi,Nagaland,Kohima,Nidhi,CUST-178
B-26060,2018-03-13,Chirag,Maharashtra,Mumbai,Chirag,CUST-077
B-26045,2018-03-03,Nidhi,Nagaland,Kohima,Nidhi,CUST-178
B-25770,2018-09-02,Sakshi,Madhya Pradesh,Indore,Sakshi,CUST-235
B-25744,2018-08-08,Devendra,Andhra Pradesh,Hyderabad,Devendra,CUST-081
B-25618,2018-04-18,Manju,Andhra Pradesh,Hyderabad,Manju,CUST-152
B-25958,2018-01-18,Aparajita,West Bengal,Kolkata,Aparajita,CUST-041
B-25769,2018-09-02,Surbhi,Maharashtra,Mumbai,Surbhi,CUST-302
B-25619,2018-04-18,Ramesh,Gujarat,Ahmedabad,Ramesh,CUST-221
B-25688,2018-06-11,Swetha,Madhya Pradesh,Indore,Swetha,CUST-306
B-25829,2018-10-25,Apoorva,Haryana,Chandigarh,Apoorva,CUST-043
B-26036,2018-02-23,Bhishm,Maharashtra,Mumbai,Bhishm,CUST-068
B-25714,2018-07-09,Stuti,Karnataka,Bangalore,Stuti,CUST-287
B-25989,2018-02-01,Anjali,Delhi,Delhi,Anjali,CUST-033
B-25849,2018-11-04,K,Sikkim,Gangtok,K,CUST-123
B-25851,2018-11-06,Kushal,Nagaland,Kohima,Kushal,CUST-139
B-25782,2018-09-15,Aayushi,Maharashtra,Mumbai,Aayushi,CUST-005
B-25621,2018-04-20,Deepak,Madhya Pradesh,Bhopal,Deepak,CUST-080
B-25996,2018-02-04,Prashant,Delhi,Delhi,Prashant,CUST-212
B-25678,2018-06-03,Bathina,Karnataka,Bangalore,Bathina,CUST-062
B-25727,2018-07-22,Turumella,Madhya Pradesh,Indore,Turumella,CUST-316
B-26018,2018-02-14,Aarushi,Tamil Nadu,Chennai,Aarushi,CUST-002
B-25760,2018-08-24,Pooja,Goa,Goa,Pooja,CUST-205
B-25804,2018-10-05,Sudheer,Karnataka,Bangalore,Sudheer,CUST-291
B-25754,2018-08-18,Akshay,Bihar,Patna,Akshay,CUST-019
B-26020,2018-02-16,Yogesh,Bihar,Patna,Yogesh,CUST-335
B-25640,2018-04-27,Paridhi,Rajasthan,Jaipur,Paridhi,CUST-192
B-25789,2018-09-22,Akshay,Uttar Pradesh,Lucknow,Akshay,CUST-019
B-26072,2018-03-20,Sweta,Maharashtra,Mumbai,Sweta,CUST-305
B-26007,2018-02-09,Shubham,Jammu and Kashmir,Kashmir,Shubham,CUST-271
B-26087,2018-03-26,Vandana,Himachal Pradesh,Simla,Vandana,CUST-323
B-25617,2018-04-17,Sagar,Nagaland,Kohima,Sagar,CUST-232
B-25984,2018-01-30,Kajal,Delhi,Delhi,Kajal,CUST-124
B-25767,2018-08-31,Ashmeet,West Bengal,Kolkata,Ashmeet,CUST-052
B-25987,2018-01-31,Manjiri,Delhi,Delhi,Manjiri,CUST-151
B-25840,2018-10-31,Sneha,Karnataka,Bangalore,Sneha,CUST-278
B-25663,2018-05-19,Pournamasi,Madhya Pradesh,Indore,Pournamasi,CUST-206
B-26030,2018-02-21,Sarita,Maharashtra,Pune,Sarita,CUST-246
B-25947,2018-01-13,Chetan,Gujarat,Ahmedabad,Chetan,CUST-075
B-25896,2018-12-05,Aman,Maharashtra,Mumbai,Aman,CUST-020
B-26009,2018-02-10,Komal,Uttar Pradesh,Lucknow,Komal,CUST-134
B-25876,2018-11-24,Bhosale,Punjab,Amritsar,Bhosale,CUST-069
B-25915,2018-12-19,Sukruta,Punjab,Amritsar,Sukruta,CUST-297
B-25795,2018-09-24,Sukant,Sikkim,Gangtok,Sukant,CUST-295
B-26002,2018-02-08,Harsh,Delhi,Delhi,Harsh,CUST-104
B-25645,2018-05-01,Yaanvi,Madhya Pradesh,Indore,Yaanvi,CUST-333
B-25837,2018-10-29,Palak,Maharashtra,Mumbai,Palak,CUST-190
B-25612,2018-04-12,Shrichand,Punjab,Chandigarh,Shrichand,CUST-269
B-25812,2018-10-10,Kshitij,Madhya Pradesh,Indore,Kshitij,CUST-138
B-25843,2018-11-03,Mrunal,Maharashtra,Mumbai,Mrunal,CUST-168
B-26026,2018-02-19,Kanak,Goa,Goa,Kanak,CUST-126
B-25773,2018-09-06,Shreya,Kerala,Thiruvananthapuram,Shreya,CUST-266
B-25875,2018-11-24,Divyeshkumar,Uttar Pradesh,Prayagraj,Divyeshkumar,CUST-090
B-25660,2018-05-16,Shruti,Karnataka,Bangalore,Shruti,CUST-270
B-25918,2018-12-22,Karandeep,Madhya Pradesh,Indore,Karandeep,CUST-127
B-25971,2018-01-22,Mitali,Madhya Pradesh,Indore,Mitali,CUST-160
B-26063,2018-03-15,Farah,Nagaland,Kohima,Farah,CUST-095
B-25867,2018-11-17,Ankit,Sikkim,Gangtok,Ankit,CUST-034
B-25703,2018-06-28,Ekta,Madhya Pradesh,Indore,Ekta,CUST-094
B-25661,2018-05-17,Subhashree,Jammu and Kashmir,Kashmir,Subhashree,CUST-288
B-25748,2018-08-12,Nitant,Rajasthan,Jaipur,Nitant,CUST-184
B-25766,2018-08-30,Surabhi,Rajasthan,Jaipur,Surabhi,CUST-300
B-25861,2018-11-15,Aayush,Uttar Pradesh,Lucknow,Aayush,CUST-004
B-26058,2018-03-11,Aditya,Punjab,Chandigarh,Aditya,CUST-011
B-25808,2018-10-08,Apsingekar,Bihar,Patna,Apsingekar,CUST-044
B-25900,2018-12-09,Anand,Punjab,Amritsar,Anand,CUST-027
B-26084,2018-03-25,Anita,Kerala,Thiruvananthapuram,Anita,CUST-032
B-25652,2018-05-08,Tushina,Goa,Goa,Tushina,CUST-317
B-26008,2018-02-09,Kalyani,Tamil Nadu,Chennai,Kalyani,CUST-125
B-25799,2018-10-01,Divyansh,Gujarat,Ahmedabad,Divyansh,CUST-088
B-25927,2018-12-31,Shreya,Uttar Pradesh,Lucknow,Shreya,CUST-266
B-25985,2018-01-31,Ginny,Madhya Pradesh,Indore,Ginny,CUST-098
B-25994,2018-02-03,Omkar,Delhi,Delhi,Omkar,CUST-188
B-25620,2018-04-20,Sarita,Maharashtra,Pune,Sarita,CUST-246
B-25712,2018-07-07,Adhvaita,Rajasthan,Jaipur,Adhvaita,CUST-009
B-25976,2018-01-25,Piyam,Punjab,Amritsar,Piyam,CUST-204
B-26068,2018-03-16,Shefali,Rajasthan,Jaipur,Shefali,CUST-257
B-25721,2018-07-16,Anchal,Haryana,Chandigarh,Anchal,CUST-029
B-25863,2018-11-15,Manibalan,Kerala,Thiruvananthapuram,Manibalan,CUST-148
B-25991,2018-02-03,Mansi,Madhya Pradesh,Indore,Mansi,CUST-154
B-25737,2018-08-01,Shubham,Madhya Pradesh,Indore,Shubham,CUST-271
B-26043,2018-03-01,Amit,Sikkim,Gangtok,Amit,CUST-023
B-25977,2018-01-27,Aayushi,Gujarat,Surat,Aayushi,CUST-005
B-25908,2018-12-12,Pradeep,Delhi,Delhi,Pradeep,CUST-207
B-25941,2018-01-07,Jaideep,Nagaland,Kohima,Jaideep,CUST-116
B-25794,2018-09-24,Aditya,Himachal Pradesh,Simla,Aditya,CUST-011
B-26041,2018-02-27,Ritu,Haryana,Chandigarh,Ritu,CUST-226
B-25695,2018-06-18,Suhani,West Bengal,Kolkata,Suhani,CUST-293
B-25960,2018-01-18,Shreya,Andhra Pradesh,Hyderabad,Shreya,CUST-266
B-26037,2018-02-23,Hitika,Madhya Pradesh,Indore,Hitika,CUST-110
B-25921,2018-12-25,Sandra,Punjab,Amritsar,Sandra,CUST-239
B-25944,2018-01-10,Syed,Maharashtra,Pune,Syed,CUST-308
B-25724,2018-07-19,Sheetal,Madhya Pradesh,Indore,Sheetal,CUST-256
B-26024,2018-02-19,Vandana,Himachal Pradesh,Simla,Vandana,CUST-323
B-25694,2018-06-18,Subhasmita,Rajasthan,Jaipur,Subhasmita,CUST-289
B-25665,2018-05-21,Chayanika,Kerala,Thiruvananthapuram,Chayanika,CUST-074
B-26004,2018-02-08,Nandita,Rajasthan,Jaipur,Nandita,CUST-174
B-25611,2018-04-11,Anita,Kerala,Thiruvananthapuram,Anita,CUST-032
B-25901,2018-12-10,Suraj,Gujarat,Surat,Suraj,CUST-301
B-25623,2018-04-22,Atharv,West Bengal,Kolkata,Atharv,CUST-057
B-25713,2018-07-08,Raksha,West Bengal,Kolkata,Raksha,CUST-220
B-26091,2018-03-27,Manju,Andhra Pradesh,Hyderabad,Manju,CUST-152
B-25604,2018-04-03,Divsha,Rajasthan,Jaipur,Divsha,CUST-087
B-25827,2018-10-23,Sheetal,Madhya Pradesh,Indore,Sheetal,CUST-256
B-25835,2018-10-29,Moumita,Gujarat,Ahmedabad,Moumita,CUST-165
B-26025,2018-02-19,Bhavna,Sikkim,Gangtok,Bhavna,CUST-066
B-25809,2018-10-09,Suman,Kerala,Thiruvananthapuram,Suman,CUST-298
B-25905,2018-12-11,Bhargav,Delhi,Delhi,Bhargav,CUST-065
B-25948,2018-01-13,Mukund,Maharashtra,Pune,Mukund,CUST-171
B-26094,2018-03-27,Deepak,Madhya Pradesh,Bhopal,Deepak,CUST-080
B-25949,2018-01-13,Shantanu,Maharashtra,Mumbai,Shantanu,CUST-252
B-26001,2018-02-07,Patil,Delhi,Delhi,Patil,CUST-199
B-25771,2018-09-02,Vaibhavi,Uttar Pradesh,Lucknow,Vaibhavi,CUST-322
B-25659,2018-05-15,Sanskriti,West Bengal,Kolkata,Sanskriti,CUST-244
B-25924,2018-12-28,Prajakta,Karnataka,Bangalore,Prajakta,CUST-208
B-25883,2018-11-27,Saptadeep,Gujarat,Surat,Saptadeep,CUST-245
B-25946,2018-01-12,Saurabh,Andhra Pradesh,Hyderabad,Saurabh,CUST-249
B-26065,2018-03-16,Nida,Madhya Pradesh,Indore,Nida,CUST-177
B-26083,2018-03-24,Yogesh,Bihar,Patna,Yogesh,CUST-335
B-25725,2018-07-20,Anisha,Nagaland,Kohima,Anisha,CUST-031
B-25630,2018-04-24,Sahil,Punjab,Chandigarh,Sahil,CUST-233
B-25673,2018-05-28,Arsheen,Gujarat,Ahmedabad,Arsheen,CUST-048
B-25692,2018-06-17,Rashmi,Madhya Pradesh,Indore,Rashmi,CUST-223
B-25992,2018-02-03,Gaurav,Rajasthan,Udaipur,Gaurav,CUST-096
B-25765,2018-08-29,Meghana,Madhya Pradesh,Bhopal,Meghana,CUST-158
B-25892,2018-12-04,Aditi,Rajasthan,Udaipur,Aditi,CUST-010
B-26089,2018-03-26,Kanak,Goa,Goa,Kanak,CUST-126
B-25780,2018-09-13,Teena,Andhra Pradesh,Hyderabad,Teena,CUST-311
B-25684,2018-06-09,Samiksha,Maharashtra,Mumbai,Samiksha,CUST-237
B-25739,2018-08-03,Daksh,Haryana,Chandigarh,Daksh,CUST-078
B-25731,2018-07-26,Akash,West Bengal,Kolkata,Akash,CUST-016
B-25648,2018-05-04,Aditya,Punjab,Chandigarh,Aditya,CUST-011
B-26038,2018-02-24,Pooja,Bihar,Patna,Pooja,CUST-205
B-25700,2018-06-25,Shubhi,Maharashtra,Mumbai,Shubhi,CUST-272
B-26015,2018-02-14,Kasheen,West Bengal,Kolkata,Kasheen,CUST-130
B-25704,2018-06-29,Riya,Maharashtra,Mumbai,Riya,CUST-227
B-25811,2018-10-10,Utsav,Maharashtra,Mumbai,Utsav,CUST-319
B-25821,2018-10-16,Ajay,West Bengal,Kolkata,Ajay,CUST-013
B-25874,2018-11-24,Megha,Rajasthan,Udaipur,Megha,CUST-157
B-25668,2018-05-24,Rhea,Himachal Pradesh,Simla,Rhea,CUST-224
B-25800,2018-10-01,Ishit,Maharashtra,Pune,Ishit,CUST-113
B-25928,2018-01-01,Smriti,Bihar,Patna,Smriti,CUST-277
B-26021,2018-02-17,Anita,Kerala,Thiruvananthapuram,Anita,CUST-032
B-26064,2018-03-16,Ankita,Maharashtra,Mumbai,Ankita,CUST-035
B-25882,2018-11-26,Masurkar,Punjab,Amritsar,Masurkar,CUST-155
B-25891,2018-12-04,Shivani,Madhya Pradesh,Indore,Shivani,CUST-263
B-25820,2018-10-16,Dheeraj,Rajasthan,Jaipur,Dheeraj,CUST-083
B-25889,2018-12-03,Abhishek,Gujarat,Surat,Abhishek,CUST-008
B-25871,2018-11-21,Gunjal,Gujarat,Surat,Gunjal,CUST-101
B-25637,2018-04-26,Ashmi,Madhya Pradesh,Indore,Ashmi,CUST-053
B-25616,2018-04-15,Kanak,Goa,Goa,Kanak,CUST-126
B-25972,2018-01-23,Jesslyn,Rajasthan,Udaipur,Jesslyn,CUST-121
B-25805,2018-10-05,Ankit,Maharashtra,Mumbai,Ankit,CUST-034
B-25860,2018-11-15,Akshay,Tamil Nadu,Chennai,Akshay,CUST-019
B-26080,2018-03-22,Sonakshi,Jammu and Kashmir,Kashmir,Sonakshi,CUST-281
B-25807,2018-10-07,Vipul,Uttar Pradesh,Lucknow,Vipul,CUST-328
B-25734,2018-07-29,Pranav,Madhya Pradesh,Indore,Pranav,CUST-209
B-25880,2018-11-24,Apoorv,Rajasthan,Udaipur,Apoorv,CUST-042
B-25934,2018-01-04,Rahul,Madhya Pradesh,Indore,Rahul,CUST-219
B-25913,2018-12-17,Geetanjali,Delhi,Delhi,Geetanjali,CUST-097
B-25912,2018-12-16,Preksha,Delhi,Delhi,Preksha,CUST-215
B-25824,2018-10-20,Shyam,Madhya Pradesh,Indore,Shyam,CUST-274
B-25711,2018-07-06,Sakshi,Madhya Pradesh,Bhopal,Sakshi,CUST-235
B-25864,2018-11-15,Aromal,Maharashtra,Mumbai,Aromal,CUST-046
B-25917,2018-12-21,Sanjay,Maharashtra,Mumbai,Sanjay,CUST-241
B-26049,2018-03-05,Lisha,Madhya Pradesh,Bhopal,Lisha,CUST-141
B-25920,2018-12-24,Jayanti,Uttar Pradesh,Prayagraj,Jayanti,CUST-118
B-25699,2018-06-24,Kritika,Uttar Pradesh,Lucknow,Kritika,CUST-136
B-25735,2018-07-30,Arindam,Uttar Pradesh,Lucknow,Arindam,CUST-045
B-25701,2018-06-26,Maithilee,Madhya Pradesh,Indore,Maithilee,CUST-146
B-26092,2018-03-27,Ramesh,Gujarat,Ahmedabad,Ramesh,CUST-221
B-26082,2018-03-23,Jitesh,Uttar Pradesh,Lucknow,Jitesh,CUST-122
B-25818,2018-10-14,Sandeep,Madhya Pradesh,Indore,Sandeep,CUST-238
B-25846,2018-11-03,Soodesh,Punjab,Chandigarh,Soodesh,CUST-283
B-26011,2018-02-12,Bharat,Gujarat,Ahmedabad,Bharat,CUST-064
B-25631,2018-04-24,Ritu,Haryana,Chandigarh,Ritu,CUST-226
B-25606,2018-04-06,Hazel,Karnataka,Bangalore,Hazel,CUST-106
B-25746,2018-08-10,Shivam,Maharashtra,Pune,Shivam,CUST-261
B-26005,2018-02-08,Parnavi,West Bengal,Kolkata,Parnavi,CUST-196
B-25844,2018-11-03,Swati,Madhya Pradesh,Indore,Swati,CUST-304
B-25869,2018-11-19,Parakh,Nagaland,Kohima,Parakh,CUST-191
B-26066,2018-03-16,Priyanka,Maharashtra,Pune,Priyanka,CUST-216
B-25865,2018-11-15,Arun,Madhya Pradesh,Indore,Arun,CUST-050
B-26039,2018-02-25,Hemant,Kerala,Thiruvananthapuram,Hemant,CUST-108
B-25916,2018-12-20,Utkarsh,Gujarat,Surat,Utkarsh,CUST-318
B-26090,2018-03-27,Sagar,Nagaland,Kohima,Sagar,CUST-232
B-25988,2018-01-31,Nirja,Delhi,Delhi,Nirja,CUST-181
B-25906,2018-12-11,Abhijit,Delhi,Delhi,Abhijit,CUST-007
B-26017,2018-02-14,Sonakshi,Jammu and Kashmir,Kashmir,Sonakshi,CUST-281
B-25644,2018-04-30,Mayank,Maharashtra,Mumbai,Mayank,CUST-156
B-25679,2018-06-04,Avni,Maharashtra,Mumbai,Avni,CUST-060
B-25723,2018-07-18,Wale,Maharashtra,Mumbai,Wale,CUST-332
B-25605,2018-04-05,Kasheen,West Bengal,Kolkata,Kasheen,CUST-130
B-25792,2018-09-24,Abhishek,Maharashtra,Mumbai,Abhishek,CUST-008
B-25680,2018-06-04,Aayushi,Madhya Pradesh,Indore,Aayushi,CUST-005
B-25931,2018-01-04,Sidharth,Maharashtra,Mumbai,Sidharth,CUST-276
B-25932,2018-01-04,Bhutekar,Madhya Pradesh,Indore,Bhutekar,CUST-070
B-25990,2018-02-02,Mugdha,Delhi,Delhi,Mugdha,CUST-169
B-25615,2018-04-15,Bhavna,Sikkim,Gangtok,Bhavna,CUST-066
B-26031,2018-02-22,Deepak,Madhya Pradesh,Bhopal,Deepak,CUST-080
B-25801,2018-10-01,Aryan,Madhya Pradesh,Bhopal,Aryan,CUST-051
B-25833,2018-10-29,Krishna,Madhya Pradesh,Indore,Krishna,CUST-135
B-26077,2018-03-22,Divsha,Rajasthan,Jaipur,Divsha,CUST-087
B-25936,2018-01-05,Nikhil,Punjab,Chandigarh,Nikhil,CUST-179
B-25938,2018-01-05,Shikhar,Himachal Pradesh,Simla,Shikhar,CUST-258
B-25716,2018-07-11,Surabhi,Tamil Nadu,Chennai,Surabhi,CUST-300
B-25740,2018-08-03,Rane,Maharashtra,Mumbai,Rane,CUST-222
B-25763,2018-08-27,Noshiba,Gujarat,Ahmedabad,Noshiba,CUST-186
B-25872,2018-11-22,Saurabh,Maharashtra,Mumbai,Saurabh,CUST-249
B-25879,2018-11-24,Siddharth,Madhya Pradesh,Indore,Siddharth,CUST-275
B-25926,2018-12-30,Dipali,Madhya Pradesh,Indore,Dipali,CUST-086
B-26074,2018-03-21,Bharat,Gujarat,Ahmedabad,Bharat,CUST-064
B-25627,2018-04-23,Hitika,Madhya Pradesh,Indore,Hitika,CUST-110
B-25940,2018-01-06,Vivek,Goa,Goa,Vivek,CUST-330
B-26047,2018-03-04,Ashmi,Madhya Pradesh,Indore,Ashmi,CUST-053
B-26069,2018-03-17,Sanskriti,West Bengal,Kolkata,Sanskriti,CUST-244
B-26027,2018-02-20,Sagar,Nagaland,Kohima,Sagar,CUST-232
B-25963,2018-01-19,Pratiksha,Maharashtra,Mumbai,Pratiksha,CUST-213
B-25922,2018-12-26,Akshata,Gujarat,Surat,Akshata,CUST-018
B-25866,2018-11-16,Komal,Himachal Pradesh,Simla,Komal,CUST-134
B-25607,2018-04-06,Sonakshi,Jammu and Kashmir,Kashmir,Sonakshi,CUST-281
B-25775,2018-09-08,Duhita,Haryana,Chandigarh,Duhita,CUST-093
B-25998,2018-02-04,Anmol,Rajasthan,Udaipur,Anmol,CUST-037
B-26062,2018-03-15,Tushina,Goa,Goa,Tushina,CUST-317
B-25722,2018-07-17,Inderpreet,Himachal Pradesh,Simla,Inderpreet,CUST-112
B-25776,2018-09-09,Mousam,Maharashtra,Mumbai,Mousam,CUST-166
B-26032,2018-02-22,Monisha,Rajasthan,Jaipur,Monisha,CUST-163
B-25705,2018-06-30,Shweta,Madhya Pradesh,Indore,Shweta,CUST-273
B-25628,2018-04-24,Pooja,Bihar,Patna,Pooja,CUST-205
B-25733,2018-07-28,Dhirajendu,Maharashtra,Mumbai,Dhirajendu,CUST-084
B-25647,2018-05-03,Sharda,Kerala,Thiruvananthapuram,Sharda,CUST-253
B-25790,2018-09-23,Sajal,Bihar,Patna,Sajal,CUST-234
B-25709,2018-07-01,Aakanksha,Madhya Pradesh,Indore,Aakanksha,CUST-001
B-25911,2018-12-15,Phalguni,Madhya Pradesh,Bhopal,Phalguni,CUST-201
B-25774,2018-09-07,Snehal,Punjab,Chandigarh,Snehal,CUST-279
B-26042,2018-02-28,Manish,Himachal Pradesh,Simla,Manish,CUST-149
B-25815,2018-10-10,Harsh,Nagaland,Kohima,Harsh,CUST-104
B-25822,2018-10-18,Tejas,Karnataka,Bangalore,Tejas,CUST-312
B-26075,2018-03-21,Pearl,Maharashtra,Pune,Pearl,CUST-200
B-25783,2018-09-15,Shivangi,Madhya Pradesh,Indore,Shivangi,CUST-262
B-26046,2018-03-04,Nishi,Maharashtra,Mumbai,Nishi,CUST-183
B-25690,2018-06-15,Gunjan,Madhya Pradesh,Indore,Gunjan,CUST-102
B-25706,2018-07-01,Swetlana,Goa,Goa,Swetlana,CUST-307
B-25736,2018-07-31,Akshat,Maharashtra,Mumbai,Akshat,CUST-017
B-25720,2018-07-15,Namrata,Punjab,Chandigarh,Namrata,CUST-173
B-25907,2018-12-11,Jaydeep,Madhya Pradesh,Bhopal,Jaydeep,CUST-119
B-25719,2018-07-12,Rashmi,Madhya Pradesh,Indore,Rashmi,CUST-223
B-26013,2018-02-13,Jahan,Madhya Pradesh,Bhopal,Jahan,CUST-115
B-26044,2018-03-02,Sanjay,Goa,Goa,Sanjay,CUST-241
B-25649,2018-05-05,Rachna,Haryana,Chandigarh,Rachna,CUST-218
B-25658,2018-05-14,Shefali,Rajasthan,Jaipur,Shefali,CUST-257
B-25672,2018-05-28,Akanksha,Andhra Pradesh,Hyderabad,Akanksha,CUST-015
B-25624,2018-04-22,Vini,Karnataka,Bangalore,Vini,CUST-327
B-25884,2018-11-28,Sumeet,Maharashtra,Mumbai,Sumeet,CUST-299
B-25641,2018-04-27,Parishi,West Bengal,Kolkata,Parishi,CUST-194
B-25841,2018-11-01,Ashvini,Maharashtra,Mumbai,Ashvini,CUST-054
B-25980,2018-01-27,Shweta,Rajasthan,Udaipur,Shweta,CUST-273
B-26012,2018-02-13,Pearl,Maharashtra,Pune,Pearl,CUST-200
B-26029,2018-02-20,Ramesh,Gujarat,Ahmedabad,Ramesh,CUST-221
B-26071,2018-03-19,Subhashree,Jammu and Kashmir,Kashmir,Subhashree,CUST-288
B-25646,2018-05-01,Sonal,Bihar,Patna,Sonal,CUST-282
B-25677,2018-06-02,Ekta,West Bengal,Kolkata,Ekta,CUST-094
B-25759,2018-08-23,Soumya,Sikkim,Gangtok,Soumya,CUST-284
B-26059,2018-03-12,Rachna,Haryana,Chandigarh,Rachna,CUST-218
B-25632,2018-04-25,Manish,Himachal Pradesh,Simla,Manish,CUST-149
B-26079,2018-03-22,Hazel,Karnataka,Bangalore,Hazel,CUST-106
B-25674,2018-05-28,Mahima,Maharashtra,Pune,Mahima,CUST-145
B-25965,2018-01-21,Saloni,West Bengal,Kolkata,Saloni,CUST-236
B-25732,2018-07-27,Anubhaw,Karnataka,Bangalore,Anubhaw,CUST-038
B-25834,2018-10-29,Ananya,Andhra Pradesh,Hyderabad,Ananya,CUST-028
B-25784,2018-09-15,Rohit,Rajasthan,Jaipur,Rohit,CUST-229
B-25982,2018-01-29,Hemangi,Delhi,Delhi,Hemangi,CUST-107
B-25788,2018-09-21,Dinesh,Tamil Nadu,Chennai,Dinesh,CUST-085
B-25742,2018-08-03,Ashwin,Goa,Goa,Ashwin,CUST-055
B-26088,2018-03-26,Bhavna,Sikkim,Gangtok,Bhavna,CUST-066
B-25707,2018-07-01,Shivani,Maharashtra,Mumbai,Shivani,CUST-263
B-25758,2018-08-22,Shubham,Himachal Pradesh,Simla,Shubham,CUST-271
B-26095,2018-03-28,Monisha,Rajasthan,Jaipur,Monisha,CUST-163
