customer_id,customer_name,sub_category,category,interaction,quantity,amount,purchase_count,first_order_date,last_order_date,item_id
CUST-001,Aakanksha,Chairs,Furniture,1,1,41,1,2018-07-01,2018-07-01,Chairs
CUST-001,Aakanksha,Saree,Clothing,1,7,33,1,2018-07-01,2018-07-01,Saree
CUST-002,Aarushi,Accessories,Electronics,1,3,169,1,2018-03-22,2018-03-22,Accessories
CUST-002,Aarushi,Bookcases,Furniture,1,5,359,1,2018-03-22,2018-03-22,Bookcases
CUST-002,Aarushi,Chairs,Furniture,1,3,476,1,2018-04-08,2018-04-08,Chairs
CUST-002,Aarushi,Furnishings,Furniture,1,3,326,1,2018-02-14,2018-02-14,Furnishings
CUST-002,Aarushi,Hankerchief,Clothing,1,12,342,3,2018-02-14,2018-04-08,Hankerchief
CUST-002,Aarushi,Printers,Electronics,1,6,856,1,2018-04-08,2018-04-08,Printers
CUST-002,Aarushi,Saree,Clothing,1,8,730,2,2018-03-22,2018-03-22,Saree
CUST-002,Aarushi,Stole,Clothing,1,4,79,1,2018-03-22,2018-03-22,Stole
CUST-002,Aarushi,Tables,Furniture,1,5,1364,1,2018-04-08,2018-04-08,Tables
CUST-003,Aastha,Accessories,Electronics,1,2,93,1,2018-10-26,2018-10-26,Accessories
CUST-003,Aastha,Hankerchief,Clothing,1,6,41,1,2018-10-26,2018-10-26,Hankerchief
CUST-003,Aastha,Phones,Electronics,1,10,3017,2,2018-10-26,2018-10-26,Phones
CUST-003,Aastha,Saree,Clothing,1,2,54,1,2018-10-26,2018-10-26,Saree
CUST-003,Aastha,Skirt,Clothing,1,8,71,1,2018-10-26,2018-10-26,Skirt
CUST-004,Aayush,Electronic Games,Electronics,1,3,216,1,2018-11-15,2018-11-15,Electronic Games
CUST-004,Aayush,Hankerchief,Clothing,1,10,162,3,2018-11-15,2018-11-15,Hankerchief
CUST-004,Aayush,Saree,Clothing,1,3,128,1,2018-11-15,2018-11-15,Saree
CUST-004,Aayush,Stole,Clothing,1,2,50,1,2018-11-15,2018-11-15,Stole
CUST-005,Aayushi,Chairs,Furniture,1,7,335,1,2018-09-15,2018-09-15,Chairs
CUST-005,Aayushi,Saree,Clothing,1,3,73,1,2018-06-04,2018-06-04,Saree
CUST-005,Aayushi,Stole,Clothing,1,4,101,2,2018-01-27,2018-01-27,Stole
CUST-005,Aayushi,T-shirt,Clothing,1,4,180,1,2018-01-27,2018-01-27,T-shirt
CUST-006,Abhijeet,Bookcases,Furniture,1,1,197,1,2018-11-08,2018-11-08,Bookcases
CUST-006,Abhijeet,Electronic Games,Electronics,1,2,442,1,2018-11-08,2018-11-08,Electronic Games
CUST-006,Abhijeet,Furnishings,Furniture,1,5,550,1,2018-11-08,2018-11-08,Furnishings
CUST-006,Abhijeet,Hankerchief,Clothing,1,7,249,3,2018-11-08,2018-11-08,Hankerchief
CUST-006,Abhijeet,Printers,Electronics,1,9,2148,2,2018-11-08,2018-11-08,Printers
CUST-006,Abhijeet,Saree,Clothing,1,16,2021,4,2018-11-08,2018-11-10,Saree
CUST-006,Abhijeet,Skirt,Clothing,1,2,10,1,2018-11-10,2018-11-10,Skirt
CUST-006,Abhijeet,Stole,Clothing,1,3,74,1,2018-11-10,2018-11-10,Stole
CUST-007,Abhijit,Stole,Clothing,1,3,78,1,2018-12-11,2018-12-11,Stole
CUST-008,Abhishek,Accessories,Electronics,1,2,513,1,2018-11-05,2018-11-05,Accessories
CUST-008,Abhishek,Electronic Games,Electronics,1,2,171,1,2018-12-07,2018-12-07,Electronic Games
CUST-008,Abhishek,Hankerchief,Clothing,1,6,117,2,2018-11-05,2018-11-05,Hankerchief
CUST-008,Abhishek,Kurti,Clothing,1,8,150,2,2018-12-03,2018-12-03,Kurti
CUST-008,Abhishek,Leggings,Clothing,1,8,85,2,2018-11-05,2018-12-07,Leggings
CUST-008,Abhishek,Phones,Electronics,1,11,916,1,2018-11-05,2018-11-05,Phones
CUST-008,Abhishek,Saree,Clothing,1,8,984,2,2018-11-05,2018-12-07,Saree
CUST-008,Abhishek,Shirt,Clothing,1,4,191,1,2018-12-07,2018-12-07,Shirt
CUST-008,Abhishek,Stole,Clothing,1,9,369,3,2018-09-24,2018-12-07,Stole
CUST-008,Abhishek,T-shirt,Clothing,1,10,212,3,2018-11-05,2018-12-07,T-shirt
CUST-008,Abhishek,Tables,Furniture,1,5,1772,2,2018-12-07,2018-12-07,Tables
CUST-008,Abhishek,Trousers,Clothing,1,2,117,1,2018-11-05,2018-11-05,Trousers
CUST-009,Adhvaita,Phones,Electronics,1,3,193,1,2018-07-07,2018-07-07,Phones
CUST-010,Aditi,Accessories,Electronics,1,4,61,1,2018-09-10,2018-09-10,Accessories
CUST-010,Aditi,Kurti,Clothing,1,10,186,2,2018-09-10,2018-09-10,Kurti
CUST-010,Aditi,Printers,Electronics,1,4,1076,1,2018-09-10,2018-09-10,Printers
CUST-010,Aditi,Shirt,Clothing,1,3,139,1,2018-12-04,2018-12-04,Shirt
CUST-010,Aditi,T-shirt,Clothing,1,7,59,1,2018-09-10,2018-09-10,T-shirt
CUST-011,Aditya,Accessories,Electronics,1,6,176,1,2018-09-24,2018-09-24,Accessories
CUST-011,Aditya,Hankerchief,Clothing,1,7,212,1,2018-03-11,2018-03-11,Hankerchief
CUST-011,Aditya,Phones,Electronics,1,1,100,1,2018-05-04,2018-05-04,Phones
CUST-011,Aditya,Saree,Clothing,1,8,185,2,2018-05-04,2018-05-04,Saree
CUST-011,Aditya,T-shirt,Clothing,1,1,30,1,2018-05-04,2018-05-04,T-shirt
CUST-012,Aishwarya,Chairs,Furniture,1,2,846,1,2018-12-08,2018-12-08,Chairs
CUST-012,Aishwarya,Leggings,Clothing,1,2,22,1,2018-12-08,2018-12-08,Leggings
CUST-012,Aishwarya,Saree,Clothing,1,1,43,1,2018-12-08,2018-12-08,Saree
CUST-012,Aishwarya,Skirt,Clothing,1,4,28,1,2018-12-08,2018-12-08,Skirt
CUST-013,Ajay,Accessories,Electronics,1,6,899,2,2018-03-08,2018-10-16,Accessories
CUST-013,Ajay,Hankerchief,Clothing,1,1,17,1,2018-10-16,2018-10-16,Hankerchief
CUST-013,Ajay,Kurti,Clothing,1,10,226,2,2018-03-08,2018-03-08,Kurti
CUST-013,Ajay,Saree,Clothing,1,3,145,1,2018-03-08,2018-03-08,Saree
CUST-013,Ajay,Shirt,Clothing,1,12,449,2,2018-03-08,2018-04-28,Shirt
CUST-013,Ajay,Stole,Clothing,1,6,85,2,2018-03-08,2018-10-16,Stole
CUST-013,Ajay,T-shirt,Clothing,1,4,101,1,2018-03-08,2018-03-08,T-shirt
CUST-014,Akancha,Saree,Clothing,1,4,714,1,2018-06-16,2018-06-16,Saree
CUST-014,Akancha,Stole,Clothing,1,6,92,2,2018-06-16,2018-06-16,Stole
CUST-015,Akanksha,Stole,Clothing,1,1,27,1,2018-05-28,2018-05-28,Stole
CUST-016,Akash,Furnishings,Furniture,1,8,131,1,2018-07-26,2018-07-26,Furnishings
CUST-017,Akshat,Skirt,Clothing,1,5,31,1,2018-07-31,2018-07-31,Skirt
CUST-018,Akshata,Stole,Clothing,1,2,52,1,2018-12-26,2018-12-26,Stole
CUST-019,Akshay,Bookcases,Furniture,1,5,313,1,2018-09-22,2018-09-22,Bookcases
CUST-019,Akshay,Furnishings,Furniture,1,9,67,1,2018-09-22,2018-09-22,Furnishings
CUST-019,Akshay,Kurti,Clothing,1,11,214,3,2018-08-18,2018-11-15,Kurti
CUST-019,Akshay,Leggings,Clothing,1,5,41,1,2018-08-18,2018-08-18,Leggings
CUST-019,Akshay,Printers,Electronics,1,2,262,1,2018-08-18,2018-08-18,Printers
CUST-019,Akshay,Saree,Clothing,1,7,349,2,2018-08-18,2018-08-18,Saree
CUST-019,Akshay,Skirt,Clothing,1,6,28,2,2018-08-18,2018-08-18,Skirt
CUST-019,Akshay,Stole,Clothing,1,4,93,1,2018-08-18,2018-08-18,Stole
CUST-020,Aman,Furnishings,Furniture,1,2,79,1,2018-12-05,2018-12-05,Furnishings
CUST-020,Aman,Hankerchief,Clothing,1,6,159,2,2018-08-07,2018-12-05,Hankerchief
CUST-020,Aman,Kurti,Clothing,1,8,329,2,2018-12-05,2018-12-05,Kurti
CUST-020,Aman,Saree,Clothing,1,6,242,2,2018-08-07,2018-08-07,Saree
CUST-020,Aman,Skirt,Clothing,1,5,54,2,2018-12-05,2018-12-05,Skirt
CUST-020,Aman,Stole,Clothing,1,3,74,1,2018-08-07,2018-08-07,Stole
CUST-020,Aman,T-shirt,Clothing,1,8,190,1,2018-12-05,2018-12-05,T-shirt
CUST-020,Aman,Trousers,Clothing,1,2,503,1,2018-08-07,2018-08-07,Trousers
CUST-021,Ameesha,Phones,Electronics,1,2,771,1,2018-07-22,2018-07-22,Phones
CUST-021,Ameesha,Printers,Electronics,1,4,1055,1,2018-07-22,2018-07-22,Printers
CUST-021,Ameesha,Saree,Clothing,1,4,322,1,2018-07-22,2018-07-22,Saree
CUST-022,Amisha,Chairs,Furniture,1,8,516,1,2018-06-23,2018-06-23,Chairs
CUST-022,Amisha,Hankerchief,Clothing,1,5,34,2,2018-06-23,2018-06-23,Hankerchief
CUST-022,Amisha,Kurti,Clothing,1,5,87,1,2018-06-23,2018-06-23,Kurti
CUST-022,Amisha,Phones,Electronics,1,2,65,1,2018-06-23,2018-06-23,Phones
CUST-022,Amisha,Saree,Clothing,1,3,207,1,2018-06-23,2018-06-23,Saree
CUST-023,Amit,Hankerchief,Clothing,1,11,141,2,2018-03-01,2018-03-01,Hankerchief
CUST-023,Amit,Phones,Electronics,1,4,249,1,2018-04-26,2018-04-26,Phones
CUST-023,Amit,Saree,Clothing,1,4,711,1,2018-04-26,2018-04-26,Saree
CUST-023,Amit,Skirt,Clothing,1,3,30,1,2018-03-01,2018-03-01,Skirt
CUST-023,Amit,Stole,Clothing,1,11,307,2,2018-03-01,2018-03-01,Stole
CUST-023,Amit,Trousers,Clothing,1,2,496,1,2018-04-26,2018-04-26,Trousers
CUST-024,Amlan,Accessories,Electronics,1,8,455,1,2018-12-10,2018-12-10,Accessories
CUST-024,Amlan,Furnishings,Furniture,1,2,60,1,2018-12-10,2018-12-10,Furnishings
CUST-024,Amlan,Hankerchief,Clothing,1,9,260,3,2018-12-10,2018-12-10,Hankerchief
CUST-024,Amlan,Leggings,Clothing,1,3,25,1,2018-12-10,2018-12-10,Leggings
CUST-024,Amlan,Phones,Electronics,1,2,336,1,2018-12-10,2018-12-10,Phones
CUST-024,Amlan,Shirt,Clothing,1,2,74,1,2018-12-10,2018-12-10,Shirt
CUST-025,Amol,Bookcases,Furniture,1,5,2061,1,2018-11-15,2018-11-15,Bookcases
CUST-025,Amol,Stole,Clothing,1,7,201,2,2018-11-15,2018-11-15,Stole
CUST-026,Amruta,Bookcases,Furniture,1,2,245,1,2018-01-28,2018-01-28,Bookcases
CUST-026,Amruta,Leggings,Clothing,1,3,42,1,2018-01-28,2018-01-28,Leggings
CUST-026,Amruta,Phones,Electronics,1,5,867,1,2018-01-28,2018-01-28,Phones
CUST-026,Amruta,Saree,Clothing,1,3,54,1,2018-01-28,2018-01-28,Saree
CUST-026,Amruta,Stole,Clothing,1,3,48,1,2018-01-28,2018-01-28,Stole
CUST-026,Amruta,T-shirt,Clothing,1,2,62,1,2018-01-28,2018-01-28,T-shirt
CUST-027,Anand,Accessories,Electronics,1,8,324,1,2018-11-10,2018-11-10,Accessories
CUST-027,Anand,Bookcases,Furniture,1,4,598,1,2018-11-10,2018-11-10,Bookcases
CUST-027,Anand,Furnishings,Furniture,1,2,227,1,2018-11-10,2018-11-10,Furnishings
CUST-027,Anand,Leggings,Clothing,1,1,15,1,2018-12-09,2018-12-09,Leggings
CUST-027,Anand,Phones,Electronics,1,2,210,1,2018-12-09,2018-12-09,Phones
CUST-027,Anand,T-shirt,Clothing,1,5,140,1,2018-12-09,2018-12-09,T-shirt
CUST-028,Ananya,Stole,Clothing,1,1,16,1,2018-10-29,2018-10-29,Stole
CUST-029,Anchal,Phones,Electronics,1,2,149,1,2018-07-16,2018-07-16,Phones
CUST-029,Anchal,Shirt,Clothing,1,5,191,1,2018-07-16,2018-07-16,Shirt
CUST-029,Anchal,Skirt,Clothing,1,7,29,1,2018-07-16,2018-07-16,Skirt
CUST-030,Aniket,Furnishings,Furniture,1,10,264,1,2018-11-03,2018-11-03,Furnishings
CUST-030,Aniket,Printers,Electronics,1,2,643,1,2018-11-03,2018-11-03,Printers
CUST-031,Anisha,Electronic Games,Electronics,1,4,144,1,2018-07-20,2018-07-20,Electronic Games
CUST-031,Anisha,Hankerchief,Clothing,1,7,23,1,2018-07-20,2018-07-20,Hankerchief
CUST-031,Anisha,Stole,Clothing,1,2,26,1,2018-07-20,2018-07-20,Stole
CUST-032,Anita,Electronic Games,Electronics,1,4,209,1,2018-03-25,2018-03-25,Electronic Games
CUST-032,Anita,Furnishings,Furniture,1,7,122,1,2018-02-17,2018-02-17,Furnishings
CUST-032,Anita,Hankerchief,Clothing,1,3,21,1,2018-02-17,2018-02-17,Hankerchief
CUST-032,Anita,Saree,Clothing,1,2,160,1,2018-04-11,2018-04-11,Saree
CUST-032,Anita,Stole,Clothing,1,1,49,1,2018-02-17,2018-02-17,Stole
CUST-033,Anjali,Accessories,Electronics,1,1,42,1,2018-02-01,2018-02-01,Accessories
CUST-033,Anjali,Bookcases,Furniture,1,9,1677,4,2018-02-01,2018-07-12,Bookcases
CUST-033,Anjali,Hankerchief,Clothing,1,14,393,3,2018-02-01,2018-05-23,Hankerchief
CUST-033,Anjali,Printers,Electronics,1,8,1030,1,2018-05-23,2018-05-23,Printers
CUST-033,Anjali,Saree,Clothing,1,3,344,1,2018-05-23,2018-05-23,Saree
CUST-033,Anjali,Skirt,Clothing,1,5,41,1,2018-05-23,2018-05-23,Skirt
CUST-033,Anjali,Stole,Clothing,1,1,10,1,2018-02-01,2018-02-01,Stole
CUST-034,Ankit,Bookcases,Furniture,1,3,1101,1,2018-01-05,2018-01-05,Bookcases
CUST-034,Ankit,Chairs,Furniture,1,2,112,1,2018-10-05,2018-10-05,Chairs
CUST-034,Ankit,Kurti,Clothing,1,6,240,1,2018-11-17,2018-11-17,Kurti
CUST-034,Ankit,Shirt,Clothing,1,4,163,1,2018-11-17,2018-11-17,Shirt
CUST-034,Ankit,Stole,Clothing,1,3,31,1,2018-11-17,2018-11-17,Stole
CUST-035,Ankita,Hankerchief,Clothing,1,4,61,1,2018-03-16,2018-03-16,Hankerchief
CUST-035,Ankita,Leggings,Clothing,1,5,75,1,2018-03-16,2018-03-16,Leggings
CUST-035,Ankita,Saree,Clothing,1,2,179,1,2018-03-16,2018-03-16,Saree
CUST-035,Ankita,T-shirt,Clothing,1,6,122,1,2018-03-16,2018-03-16,T-shirt
CUST-036,Ankur,Electronic Games,Electronics,1,3,417,1,2018-10-15,2018-10-15,Electronic Games
CUST-036,Ankur,Printers,Electronics,1,2,646,1,2018-01-08,2018-01-08,Printers
CUST-037,Anmol,Furnishings,Furniture,1,5,50,1,2018-02-04,2018-02-04,Furnishings
CUST-038,Anubhaw,Stole,Clothing,1,2,16,1,2018-07-27,2018-07-27,Stole
CUST-039,Anudeep,Electronic Games,Electronics,1,7,1316,1,2018-08-26,2018-08-26,Electronic Games
CUST-039,Anudeep,Saree,Clothing,1,2,98,1,2018-08-26,2018-08-26,Saree
CUST-039,Anudeep,Skirt,Clothing,1,3,27,1,2018-08-26,2018-08-26,Skirt
CUST-040,Anurag,Accessories,Electronics,1,2,508,1,2018-03-14,2018-03-14,Accessories
CUST-040,Anurag,Bookcases,Furniture,1,4,200,1,2018-05-07,2018-05-07,Bookcases
CUST-040,Anurag,Chairs,Furniture,1,10,995,2,2018-05-07,2018-05-07,Chairs
CUST-040,Anurag,Leggings,Clothing,1,1,7,1,2018-05-07,2018-05-07,Leggings
CUST-040,Anurag,Printers,Electronics,1,4,1171,2,2018-03-14,2018-03-14,Printers
CUST-040,Anurag,Saree,Clothing,1,10,1258,3,2018-03-14,2018-05-07,Saree
CUST-040,Anurag,Shirt,Clothing,1,1,49,1,2018-05-07,2018-05-07,Shirt
CUST-040,Anurag,Skirt,Clothing,1,2,11,1,2018-05-07,2018-05-07,Skirt
CUST-040,Anurag,Stole,Clothing,1,5,153,2,2018-03-14,2018-05-07,Stole
CUST-040,Anurag,T-shirt,Clothing,1,4,43,2,2018-03-14,2018-05-07,T-shirt
CUST-041,Aparajita,Hankerchief,Clothing,1,2,105,1,2018-01-18,2018-01-18,Hankerchief
CUST-041,Aparajita,Saree,Clothing,1,3,360,1,2018-01-18,2018-01-18,Saree
CUST-042,Apoorv,Stole,Clothing,1,2,108,1,2018-11-24,2018-11-24,Stole
CUST-043,Apoorva,Hankerchief,Clothing,1,7,345,1,2018-10-25,2018-10-25,Hankerchief
CUST-044,Apsingekar,Electronic Games,Electronics,1,3,146,1,2018-10-08,2018-10-08,Electronic Games
CUST-044,Apsingekar,Hankerchief,Clothing,1,4,210,1,2018-10-08,2018-10-08,Hankerchief
CUST-044,Apsingekar,Leggings,Clothing,1,6,63,1,2018-10-08,2018-10-08,Leggings
CUST-044,Apsingekar,Stole,Clothing,1,2,59,1,2018-10-08,2018-10-08,Stole
CUST-045,Arindam,Hankerchief,Clothing,1,4,27,2,2018-07-30,2018-07-30,Hankerchief
CUST-045,Arindam,Skirt,Clothing,1,2,7,1,2018-07-30,2018-07-30,Skirt
CUST-046,Aromal,Hankerchief,Clothing,1,3,44,2,2018-11-15,2018-11-15,Hankerchief
CUST-046,Aromal,Leggings,Clothing,1,2,22,1,2018-11-15,2018-11-15,Leggings
CUST-046,Aromal,Stole,Clothing,1,4,100,1,2018-11-15,2018-11-15,Stole
CUST-047,Arpita,Accessories,Electronics,1,5,1301,1,2018-02-09,2018-02-09,Accessories
CUST-048,Arsheen,Saree,Clothing,1,11,336,3,2018-05-28,2018-05-28,Saree
CUST-048,Arsheen,Shirt,Clothing,1,4,45,1,2018-05-28,2018-05-28,Shirt
CUST-048,Arsheen,T-shirt,Clothing,1,3,37,1,2018-05-28,2018-05-28,T-shirt
CUST-049,Arti,Printers,Electronics,1,9,1298,1,2018-10-29,2018-10-29,Printers
CUST-050,Arun,Saree,Clothing,1,3,85,1,2018-11-15,2018-11-15,Saree
CUST-051,Aryan,Leggings,Clothing,1,4,21,1,2018-10-01,2018-10-01,Leggings
CUST-051,Aryan,Saree,Clothing,1,4,64,1,2018-10-01,2018-10-01,Saree
CUST-051,Aryan,Stole,Clothing,1,2,49,1,2018-10-01,2018-10-01,Stole
CUST-051,Aryan,T-shirt,Clothing,1,1,15,1,2018-10-01,2018-10-01,T-shirt
CUST-052,Ashmeet,Accessories,Electronics,1,2,74,1,2018-08-31,2018-08-31,Accessories
CUST-052,Ashmeet,Electronic Games,Electronics,1,3,299,1,2018-08-31,2018-08-31,Electronic Games
CUST-052,Ashmeet,Kurti,Clothing,1,2,9,1,2018-08-31,2018-08-31,Kurti
CUST-052,Ashmeet,Saree,Clothing,1,5,77,2,2018-08-31,2018-08-31,Saree
CUST-053,Ashmi,Shirt,Clothing,1,3,117,1,2018-04-26,2018-04-26,Shirt
CUST-053,Ashmi,Skirt,Clothing,1,5,55,1,2018-03-04,2018-03-04,Skirt
CUST-054,Ashvini,Skirt,Clothing,1,2,22,1,2018-11-01,2018-11-01,Skirt
CUST-055,Ashwin,Skirt,Clothing,1,2,11,1,2018-08-03,2018-08-03,Skirt
CUST-056,Asish,Accessories,Electronics,1,8,229,1,2018-09-20,2018-09-20,Accessories
CUST-056,Asish,Furnishings,Furniture,1,4,140,1,2018-09-20,2018-09-20,Furnishings
CUST-056,Asish,Saree,Clothing,1,7,556,1,2018-09-20,2018-09-20,Saree
CUST-056,Asish,Shirt,Clothing,1,3,40,1,2018-09-20,2018-09-20,Shirt
CUST-057,Atharv,Accessories,Electronics,1,6,862,2,2018-02-22,2018-03-28,Accessories
CUST-057,Atharv,Bookcases,Furniture,1,1,143,1,2018-02-22,2018-02-22,Bookcases
CUST-057,Atharv,Leggings,Clothing,1,3,45,1,2018-03-28,2018-03-28,Leggings
CUST-057,Atharv,Phones,Electronics,1,3,451,1,2018-03-28,2018-03-28,Phones
CUST-057,Atharv,Saree,Clothing,1,6,252,2,2018-03-28,2018-04-22,Saree
CUST-057,Atharv,Shirt,Clothing,1,9,251,2,2018-02-22,2018-03-28,Shirt
CUST-057,Atharv,Stole,Clothing,1,9,316,3,2018-04-22,2018-04-22,Stole
CUST-057,Atharv,Trousers,Clothing,1,3,264,1,2018-03-28,2018-03-28,Trousers
CUST-058,Atul,Bookcases,Furniture,1,5,561,1,2018-01-30,2018-01-30,Bookcases
CUST-058,Atul,Chairs,Furniture,1,1,32,1,2018-01-30,2018-01-30,Chairs
CUST-058,Atul,Furnishings,Furniture,1,8,161,1,2018-01-30,2018-01-30,Furnishings
CUST-058,Atul,Saree,Clothing,1,2,230,1,2018-01-30,2018-01-30,Saree
CUST-058,Atul,T-shirt,Clothing,1,6,50,1,2018-01-30,2018-01-30,T-shirt
CUST-059,Avish,Saree,Clothing,1,12,993,3,2018-09-24,2018-09-24,Saree
CUST-060,Avni,Saree,Clothing,1,1,76,1,2018-06-04,2018-06-04,Saree
CUST-061,Ayush,Bookcases,Furniture,1,3,1052,1,2018-08-13,2018-08-13,Bookcases
CUST-061,Ayush,Furnishings,Furniture,1,2,70,1,2018-08-02,2018-08-02,Furnishings
CUST-061,Ayush,Phones,Electronics,1,2,148,1,2018-08-02,2018-08-02,Phones
CUST-061,Ayush,Saree,Clothing,1,18,2196,5,2018-08-02,2018-09-15,Saree
CUST-061,Ayush,T-shirt,Clothing,1,2,45,1,2018-09-15,2018-09-15,T-shirt
CUST-062,Bathina,Phones,Electronics,1,1,327,1,2018-06-03,2018-06-03,Phones
CUST-062,Bathina,Saree,Clothing,1,3,64,1,2018-06-03,2018-06-03,Saree
CUST-062,Bathina,Shirt,Clothing,1,2,27,1,2018-06-03,2018-06-03,Shirt
CUST-062,Bathina,Skirt,Clothing,1,2,7,1,2018-06-03,2018-06-03,Skirt
CUST-063,Bhaggyasree,Electronic Games,Electronics,1,3,469,1,2018-06-14,2018-06-14,Electronic Games
CUST-063,Bhaggyasree,Stole,Clothing,1,5,246,2,2018-06-14,2018-06-14,Stole
CUST-064,Bharat,Bookcases,Furniture,1,7,1275,1,2018-04-01,2018-04-01,Bookcases
CUST-064,Bharat,Electronic Games,Electronics,1,4,80,1,2018-04-01,2018-04-01,Electronic Games
CUST-064,Bharat,Hankerchief,Clothing,1,3,8,1,2018-04-01,2018-04-01,Hankerchief
CUST-064,Bharat,Leggings,Clothing,1,4,57,1,2018-03-21,2018-03-21,Leggings
CUST-064,Bharat,Stole,Clothing,1,7,159,2,2018-02-12,2018-04-01,Stole
CUST-065,Bhargav,Stole,Clothing,1,6,152,1,2018-12-11,2018-12-11,Stole
CUST-066,Bhavna,Hankerchief,Clothing,1,12,120,3,2018-02-19,2018-04-15,Hankerchief
CUST-066,Bhavna,Stole,Clothing,1,5,187,2,2018-02-19,2018-02-19,Stole
CUST-067,Bhawna,Accessories,Electronics,1,3,68,1,2018-06-04,2018-06-04,Accessories
CUST-067,Bhawna,Chairs,Furniture,1,2,243,1,2018-06-04,2018-06-04,Chairs
CUST-067,Bhawna,Electronic Games,Electronics,1,7,1096,1,2018-06-04,2018-06-04,Electronic Games
CUST-067,Bhawna,Phones,Electronics,1,3,1625,1,2018-06-04,2018-06-04,Phones
CUST-067,Bhawna,Saree,Clothing,1,1,44,1,2018-06-04,2018-06-04,Saree
CUST-067,Bhawna,Trousers,Clothing,1,7,523,1,2018-06-04,2018-06-04,Trousers
CUST-068,Bhishm,Chairs,Furniture,1,3,1103,1,2018-04-23,2018-04-23,Chairs
CUST-068,Bhishm,Furnishings,Furniture,1,7,341,1,2018-02-23,2018-02-23,Furnishings
CUST-068,Bhishm,Hankerchief,Clothing,1,4,207,1,2018-03-30,2018-03-30,Hankerchief
CUST-068,Bhishm,Phones,Electronics,1,6,881,2,2018-03-30,2018-04-23,Phones
CUST-068,Bhishm,Skirt,Clothing,1,1,9,1,2018-03-30,2018-03-30,Skirt
CUST-068,Bhishm,Trousers,Clothing,1,5,2366,1,2018-03-30,2018-03-30,Trousers
CUST-069,Bhosale,Trousers,Clothing,1,4,282,1,2018-11-24,2018-11-24,Trousers
CUST-070,Bhutekar,Furnishings,Furniture,1,4,71,1,2018-01-04,2018-01-04,Furnishings
CUST-071,Brijesh,Phones,Electronics,1,4,502,1,2018-11-28,2018-11-28,Phones
CUST-071,Brijesh,Shirt,Clothing,1,3,107,1,2018-11-28,2018-11-28,Shirt
CUST-071,Brijesh,Stole,Clothing,1,2,89,1,2018-11-28,2018-11-28,Stole
CUST-071,Brijesh,T-shirt,Clothing,1,4,63,1,2018-11-28,2018-11-28,T-shirt
CUST-072,Chandni,Electronic Games,Electronics,1,4,342,1,2018-06-01,2018-06-01,Electronic Games
CUST-072,Chandni,Shirt,Clothing,1,7,111,2,2018-06-01,2018-06-01,Shirt
CUST-072,Chandni,Tables,Furniture,1,2,674,1,2018-06-01,2018-06-01,Tables
CUST-072,Chandni,Trousers,Clothing,1,5,1263,1,2018-06-01,2018-06-01,Trousers
CUST-073,Charika,Bookcases,Furniture,1,2,656,1,2018-05-25,2018-05-25,Bookcases
CUST-073,Charika,Hankerchief,Clothing,1,3,38,2,2018-05-25,2018-05-25,Hankerchief
CUST-073,Charika,Stole,Clothing,1,3,74,1,2018-05-25,2018-05-25,Stole
CUST-074,Chayanika,Accessories,Electronics,1,4,166,1,2018-05-21,2018-05-21,Accessories
CUST-075,Chetan,Accessories,Electronics,1,2,207,1,2018-01-13,2018-01-13,Accessories
CUST-075,Chetan,Hankerchief,Clothing,1,6,290,1,2018-01-13,2018-01-13,Hankerchief
CUST-076,Chikku,Bookcases,Furniture,1,2,724,1,2018-11-14,2018-11-14,Bookcases
CUST-077,Chirag,Electronic Games,Electronics,1,5,925,1,2018-05-06,2018-05-06,Electronic Games
CUST-077,Chirag,Phones,Electronics,1,8,351,1,2018-05-06,2018-05-06,Phones
CUST-077,Chirag,Printers,Electronics,1,2,245,1,2018-05-06,2018-05-06,Printers
CUST-077,Chirag,Saree,Clothing,1,14,1374,5,2018-03-13,2018-05-06,Saree
CUST-077,Chirag,Stole,Clothing,1,2,28,1,2018-05-06,2018-05-06,Stole
CUST-077,Chirag,Trousers,Clothing,1,3,269,1,2018-05-06,2018-05-06,Trousers
CUST-078,Daksh,Chairs,Furniture,1,2,133,1,2018-08-03,2018-08-03,Chairs
CUST-079,Dashyam,Chairs,Furniture,1,5,269,1,2018-11-24,2018-11-24,Chairs
CUST-079,Dashyam,Skirt,Clothing,1,2,24,1,2018-11-24,2018-11-24,Skirt
CUST-079,Dashyam,Trousers,Clothing,1,2,1137,1,2018-11-24,2018-11-24,Trousers
CUST-080,Deepak,Electronic Games,Electronics,1,8,461,2,2018-04-20,2018-04-20,Electronic Games
CUST-080,Deepak,Leggings,Clothing,1,4,67,1,2018-02-22,2018-02-22,Leggings
CUST-080,Deepak,Phones,Electronics,1,3,333,1,2018-04-20,2018-04-20,Phones
CUST-080,Deepak,Stole,Clothing,1,6,152,1,2018-03-27,2018-03-27,Stole
CUST-081,Devendra,Printers,Electronics,1,6,373,1,2018-08-08,2018-08-08,Printers
CUST-082,Dhanraj,Tables,Furniture,1,4,632,1,2018-10-06,2018-10-06,Tables
CUST-083,Dheeraj,Chairs,Furniture,1,1,119,1,2018-10-16,2018-10-16,Chairs
CUST-084,Dhirajendu,Hankerchief,Clothing,1,4,23,1,2018-07-28,2018-07-28,Hankerchief
CUST-084,Dhirajendu,Stole,Clothing,1,9,73,2,2018-07-28,2018-07-28,Stole
CUST-085,Dinesh,Stole,Clothing,1,1,12,1,2018-09-21,2018-09-21,Stole
CUST-086,Dipali,Leggings,Clothing,1,5,57,1,2018-12-30,2018-12-30,Leggings
CUST-087,Divsha,Chairs,Furniture,1,12,684,2,2018-02-13,2018-02-13,Chairs
CUST-087,Divsha,Hankerchief,Clothing,1,7,62,1,2018-03-22,2018-03-22,Hankerchief
CUST-087,Divsha,Saree,Clothing,1,9,157,1,2018-04-03,2018-04-03,Saree
CUST-087,Divsha,T-shirt,Clothing,1,2,65,1,2018-04-03,2018-04-03,T-shirt
CUST-088,Divyansh,Chairs,Furniture,1,2,45,1,2018-10-01,2018-10-01,Chairs
CUST-088,Divyansh,Saree,Clothing,1,7,252,2,2018-10-01,2018-10-01,Saree
CUST-088,Divyansh,Stole,Clothing,1,5,70,1,2018-10-01,2018-10-01,Stole
CUST-089,Divyansha,Saree,Clothing,1,9,465,1,2018-12-04,2018-12-04,Saree
CUST-090,Divyeshkumar,Saree,Clothing,1,2,248,1,2018-11-24,2018-11-24,Saree
CUST-091,Divyeta,Electronic Games,Electronics,1,3,367,1,2018-11-23,2018-11-23,Electronic Games
CUST-091,Divyeta,Hankerchief,Clothing,1,1,7,1,2018-11-23,2018-11-23,Hankerchief
CUST-091,Divyeta,Kurti,Clothing,1,2,42,1,2018-11-23,2018-11-23,Kurti
CUST-091,Divyeta,Phones,Electronics,1,2,1275,1,2018-11-23,2018-11-23,Phones
CUST-091,Divyeta,Stole,Clothing,1,3,66,1,2018-11-23,2018-11-23,Stole
CUST-092,Diwakar,Accessories,Electronics,1,3,770,1,2018-02-05,2018-02-05,Accessories
CUST-092,Diwakar,Electronic Games,Electronics,1,2,51,1,2018-02-05,2018-02-05,Electronic Games
CUST-092,Diwakar,Furnishings,Furniture,1,1,109,1,2018-02-05,2018-02-05,Furnishings
CUST-092,Diwakar,Hankerchief,Clothing,1,5,222,1,2018-02-05,2018-02-05,Hankerchief
CUST-092,Diwakar,Phones,Electronics,1,2,129,1,2018-02-05,2018-02-05,Phones
CUST-092,Diwakar,Saree,Clothing,1,7,367,2,2018-02-05,2018-02-05,Saree
CUST-092,Diwakar,Shirt,Clothing,1,7,223,1,2018-02-05,2018-02-05,Shirt
CUST-092,Diwakar,Stole,Clothing,1,13,471,3,2018-02-05,2018-02-05,Stole
CUST-093,Duhita,Stole,Clothing,1,2,50,1,2018-09-08,2018-09-08,Stole
CUST-094,Ekta,Accessories,Electronics,1,1,20,1,2018-06-02,2018-06-02,Accessories
CUST-094,Ekta,Furnishings,Furniture,1,2,42,1,2018-06-28,2018-06-28,Furnishings
CUST-094,Ekta,Hankerchief,Clothing,1,14,263,2,2018-06-28,2018-06-28,Hankerchief
CUST-094,Ekta,Kurti,Clothing,1,4,22,1,2018-06-28,2018-06-28,Kurti
CUST-094,Ekta,Saree,Clothing,1,8,144,2,2018-06-28,2018-06-28,Saree
CUST-094,Ekta,Shirt,Clothing,1,9,186,1,2018-06-28,2018-06-28,Shirt
CUST-094,Ekta,Stole,Clothing,1,2,17,1,2018-06-28,2018-06-28,Stole
CUST-095,Farah,Accessories,Electronics,1,12,510,3,2018-05-08,2018-05-08,Accessories
CUST-095,Farah,Chairs,Furniture,1,8,1327,1,2018-05-08,2018-05-08,Chairs
CUST-095,Farah,Electronic Games,Electronics,1,4,241,1,2018-03-15,2018-03-15,Electronic Games
CUST-095,Farah,Phones,Electronics,1,12,622,2,2018-05-08,2018-05-08,Phones
CUST-095,Farah,Printers,Electronics,1,11,1947,2,2018-05-08,2018-05-08,Printers
CUST-095,Farah,Saree,Clothing,1,2,28,1,2018-05-08,2018-05-08,Saree
CUST-096,Gaurav,Chairs,Furniture,1,5,2093,1,2018-11-08,2018-11-08,Chairs
CUST-096,Gaurav,Furnishings,Furniture,1,4,95,1,2018-11-08,2018-11-08,Furnishings
CUST-096,Gaurav,Hankerchief,Clothing,1,5,56,2,2018-11-08,2018-11-08,Hankerchief
CUST-096,Gaurav,Printers,Electronics,1,3,579,1,2018-11-08,2018-11-08,Printers
CUST-096,Gaurav,Saree,Clothing,1,5,327,2,2018-11-08,2018-11-08,Saree
CUST-096,Gaurav,Shirt,Clothing,1,3,141,1,2018-02-03,2018-02-03,Shirt
CUST-096,Gaurav,Skirt,Clothing,1,6,39,1,2018-11-08,2018-11-08,Skirt
CUST-096,Gaurav,Stole,Clothing,1,4,199,1,2018-11-08,2018-11-08,Stole
CUST-097,Geetanjali,Stole,Clothing,1,7,103,1,2018-12-17,2018-12-17,Stole
CUST-098,Ginny,Hankerchief,Clothing,1,5,32,1,2018-01-31,2018-01-31,Hankerchief
CUST-098,Ginny,Kurti,Clothing,1,4,197,1,2018-01-31,2018-01-31,Kurti
CUST-098,Ginny,Shirt,Clothing,1,4,108,1,2018-01-31,2018-01-31,Shirt
CUST-098,Ginny,Stole,Clothing,1,4,44,1,2018-01-31,2018-01-31,Stole
CUST-099,Girase,Bookcases,Furniture,1,3,1308,1,2018-01-02,2018-01-02,Bookcases
CUST-099,Girase,Chairs,Furniture,1,6,370,2,2018-01-02,2018-01-02,Chairs
CUST-100,Gopal,Accessories,Electronics,1,3,226,1,2018-12-27,2018-12-27,Accessories
CUST-100,Gopal,Phones,Electronics,1,6,3873,1,2018-12-27,2018-12-27,Phones
CUST-100,Gopal,Printers,Electronics,1,3,484,1,2018-12-27,2018-12-27,Printers
CUST-100,Gopal,Trousers,Clothing,1,1,253,1,2018-12-27,2018-12-27,Trousers
CUST-101,Gunjal,Hankerchief,Clothing,1,4,118,1,2018-11-21,2018-11-21,Hankerchief
CUST-102,Gunjan,Skirt,Clothing,1,3,31,1,2018-06-15,2018-06-15,Skirt
CUST-103,Harivansh,Bookcases,Furniture,1,8,1218,1,2018-03-10,2018-03-10,Bookcases
CUST-103,Harivansh,Chairs,Furniture,1,14,5729,1,2018-03-10,2018-03-10,Chairs
CUST-103,Harivansh,Phones,Electronics,1,9,671,1,2018-03-10,2018-03-10,Phones
CUST-103,Harivansh,Printers,Electronics,1,2,1250,1,2018-03-10,2018-03-10,Printers
CUST-103,Harivansh,Saree,Clothing,1,1,443,1,2018-03-10,2018-03-10,Saree
CUST-103,Harivansh,Shirt,Clothing,1,16,270,2,2018-03-10,2018-03-10,Shirt
CUST-103,Harivansh,Stole,Clothing,1,5,227,1,2018-03-10,2018-03-10,Stole
CUST-103,Harivansh,T-shirt,Clothing,1,2,94,1,2018-03-10,2018-03-10,T-shirt
CUST-104,Harsh,Bookcases,Furniture,1,2,877,1,2018-08-11,2018-08-11,Bookcases
CUST-104,Harsh,Saree,Clothing,1,14,530,3,2018-02-08,2018-02-08,Saree
CUST-104,Harsh,Stole,Clothing,1,5,115,2,2018-02-08,2018-10-10,Stole
CUST-104,Harsh,T-shirt,Clothing,1,3,71,1,2018-02-08,2018-02-08,T-shirt
CUST-105,Harshita,Bookcases,Furniture,1,3,504,1,2018-10-28,2018-10-28,Bookcases
CUST-106,Hazel,Electronic Games,Electronics,1,6,563,2,2018-02-14,2018-02-14,Electronic Games
CUST-106,Hazel,Hankerchief,Clothing,1,6,220,2,2018-02-14,2018-03-22,Hankerchief
CUST-106,Hazel,Shirt,Clothing,1,5,161,2,2018-02-14,2018-04-06,Shirt
CUST-107,Hemangi,Leggings,Clothing,1,1,13,1,2018-01-29,2018-01-29,Leggings
CUST-108,Hemant,Shirt,Clothing,1,5,83,1,2018-02-25,2018-02-25,Shirt
CUST-108,Hemant,Trousers,Clothing,1,3,1560,1,2018-04-24,2018-04-24,Trousers
CUST-109,Hitesh,Chairs,Furniture,1,3,315,1,2018-02-08,2018-02-08,Chairs
CUST-109,Hitesh,Furnishings,Furniture,1,12,766,2,2018-02-08,2018-02-08,Furnishings
CUST-109,Hitesh,Hankerchief,Clothing,1,4,128,1,2018-02-08,2018-02-08,Hankerchief
CUST-109,Hitesh,Saree,Clothing,1,4,498,1,2018-02-08,2018-02-08,Saree
CUST-109,Hitesh,Skirt,Clothing,1,2,17,1,2018-02-08,2018-02-08,Skirt
CUST-109,Hitesh,T-shirt,Clothing,1,3,79,1,2018-02-08,2018-02-08,T-shirt
CUST-109,Hitesh,Tables,Furniture,1,2,1745,1,2018-02-08,2018-02-08,Tables
CUST-110,Hitika,Chairs,Furniture,1,2,828,1,2018-03-31,2018-03-31,Chairs
CUST-110,Hitika,Shirt,Clothing,1,2,72,1,2018-03-31,2018-03-31,Shirt
CUST-110,Hitika,Stole,Clothing,1,11,226,2,2018-02-23,2018-04-23,Stole
CUST-110,Hitika,T-shirt,Clothing,1,2,34,1,2018-03-31,2018-03-31,T-shirt
CUST-111,Hrisheekesh,Chairs,Furniture,1,7,911,1,2018-10-10,2018-10-10,Chairs
CUST-112,Inderpreet,Stole,Clothing,1,8,48,1,2018-07-17,2018-07-17,Stole
CUST-113,Ishit,Accessories,Electronics,1,9,122,1,2018-10-01,2018-10-01,Accessories
CUST-113,Ishit,Hankerchief,Clothing,1,7,45,1,2018-10-01,2018-10-01,Hankerchief
CUST-113,Ishit,Leggings,Clothing,1,3,21,1,2018-10-01,2018-10-01,Leggings
CUST-114,Ishpreet,Accessories,Electronics,1,11,956,2,2018-12-10,2018-12-10,Accessories
CUST-114,Ishpreet,Bookcases,Furniture,1,2,268,1,2018-12-10,2018-12-10,Bookcases
CUST-114,Ishpreet,Saree,Clothing,1,7,79,1,2018-12-10,2018-12-10,Saree
CUST-114,Ishpreet,Trousers,Clothing,1,3,1700,1,2018-12-10,2018-12-10,Trousers
CUST-115,Jahan,Bookcases,Furniture,1,4,450,1,2018-03-21,2018-03-21,Bookcases
CUST-115,Jahan,Chairs,Furniture,1,1,24,1,2018-04-03,2018-04-03,Chairs
CUST-115,Jahan,Hankerchief,Clothing,1,2,12,1,2018-04-03,2018-04-03,Hankerchief
CUST-115,Jahan,Kurti,Clothing,1,1,38,1,2018-04-03,2018-04-03,Kurti
CUST-115,Jahan,Saree,Clothing,1,5,412,2,2018-03-21,2018-04-03,Saree
CUST-115,Jahan,Shirt,Clothing,1,5,133,1,2018-03-21,2018-03-21,Shirt
CUST-115,Jahan,Skirt,Clothing,1,3,29,1,2018-02-13,2018-02-13,Skirt
CUST-115,Jahan,Stole,Clothing,1,12,314,3,2018-03-21,2018-04-03,Stole
CUST-115,Jahan,T-shirt,Clothing,1,2,60,1,2018-03-21,2018-03-21,T-shirt
CUST-115,Jahan,Trousers,Clothing,1,8,1535,2,2018-04-03,2018-04-03,Trousers
CUST-116,Jaideep,Shirt,Clothing,1,4,177,1,2018-01-07,2018-01-07,Shirt
CUST-117,Jay,Electronic Games,Electronics,1,5,850,1,2018-12-14,2018-12-14,Electronic Games
CUST-117,Jay,Hankerchief,Clothing,1,5,259,1,2018-12-14,2018-12-14,Hankerchief
CUST-117,Jay,Shirt,Clothing,1,7,158,2,2018-12-14,2018-12-14,Shirt
CUST-117,Jay,Tables,Furniture,1,5,1622,1,2018-12-14,2018-12-14,Tables
CUST-117,Jay,Trousers,Clothing,1,7,685,1,2018-12-14,2018-12-14,Trousers
CUST-118,Jayanti,T-shirt,Clothing,1,2,100,1,2018-12-24,2018-12-24,T-shirt
CUST-119,Jaydeep,Hankerchief,Clothing,1,5,30,1,2018-12-11,2018-12-11,Hankerchief
CUST-120,Jesal,Accessories,Electronics,1,1,40,1,2018-01-13,2018-01-13,Accessories
CUST-120,Jesal,Bookcases,Furniture,1,2,742,1,2018-01-13,2018-01-13,Bookcases
CUST-120,Jesal,Electronic Games,Electronics,1,1,50,1,2018-01-13,2018-01-13,Electronic Games
CUST-120,Jesal,Hankerchief,Clothing,1,9,111,1,2018-01-13,2018-01-13,Hankerchief
CUST-120,Jesal,Kurti,Clothing,1,2,30,1,2018-01-13,2018-01-13,Kurti
CUST-120,Jesal,Phones,Electronics,1,2,248,1,2018-01-13,2018-01-13,Phones
CUST-120,Jesal,Stole,Clothing,1,9,311,3,2018-01-13,2018-01-13,Stole
CUST-120,Jesal,Trousers,Clothing,1,3,250,1,2018-01-13,2018-01-13,Trousers
CUST-121,Jesslyn,Accessories,Electronics,1,2,115,1,2018-01-23,2018-01-23,Accessories
CUST-122,Jitesh,Electronic Games,Electronics,1,4,485,1,2018-04-09,2018-04-09,Electronic Games
CUST-122,Jitesh,Saree,Clothing,1,4,249,1,2018-04-09,2018-04-09,Saree
CUST-122,Jitesh,Stole,Clothing,1,2,95,1,2018-03-23,2018-03-23,Stole
CUST-122,Jitesh,T-shirt,Clothing,1,13,585,1,2018-02-15,2018-02-15,T-shirt
CUST-123,K,Phones,Electronics,1,3,336,1,2018-11-04,2018-11-04,Phones
CUST-124,Kajal,Chairs,Furniture,1,3,460,1,2018-12-18,2018-12-18,Chairs
CUST-124,Kajal,Stole,Clothing,1,9,429,2,2018-01-30,2018-12-18,Stole
CUST-125,Kalyani,Hankerchief,Clothing,1,4,206,1,2018-02-09,2018-02-09,Hankerchief
CUST-125,Kalyani,Leggings,Clothing,1,5,57,1,2018-02-09,2018-02-09,Leggings
CUST-125,Kalyani,Saree,Clothing,1,1,199,1,2018-02-09,2018-02-09,Saree
CUST-125,Kalyani,Stole,Clothing,1,1,22,1,2018-02-09,2018-02-09,Stole
CUST-126,Kanak,Hankerchief,Clothing,1,21,360,5,2018-02-19,2018-04-15,Hankerchief
CUST-126,Kanak,Kurti,Clothing,1,12,223,3,2018-02-19,2018-03-26,Kurti
CUST-126,Kanak,Stole,Clothing,1,5,116,1,2018-04-15,2018-04-15,Stole
CUST-127,Karandeep,Furnishings,Furniture,1,5,244,1,2018-12-22,2018-12-22,Furnishings
CUST-128,Kartik,Bookcases,Furniture,1,5,670,1,2018-08-09,2018-08-09,Bookcases
CUST-128,Kartik,Furnishings,Furniture,1,5,132,1,2018-08-09,2018-08-09,Furnishings
CUST-128,Kartik,Phones,Electronics,1,5,911,1,2018-10-21,2018-10-21,Phones
CUST-128,Kartik,Saree,Clothing,1,16,436,2,2018-08-09,2018-10-21,Saree
CUST-128,Kartik,Stole,Clothing,1,9,159,2,2018-08-09,2018-10-21,Stole
CUST-129,Kartikay,Electronic Games,Electronics,1,3,527,1,2018-02-11,2018-02-11,Electronic Games
CUST-129,Kartikay,Furnishings,Furniture,1,5,176,1,2018-02-11,2018-02-11,Furnishings
CUST-129,Kartikay,Hankerchief,Clothing,1,3,18,1,2018-02-11,2018-02-11,Hankerchief
CUST-129,Kartikay,Shirt,Clothing,1,2,85,1,2018-02-11,2018-02-11,Shirt
CUST-129,Kartikay,Stole,Clothing,1,2,29,1,2018-02-11,2018-02-11,Stole
CUST-129,Kartikay,T-shirt,Clothing,1,3,55,1,2018-02-11,2018-02-11,T-shirt
CUST-130,Kasheen,Electronic Games,Electronics,1,2,557,1,2018-03-22,2018-03-22,Electronic Games
CUST-130,Kasheen,Saree,Clothing,1,8,203,2,2018-02-14,2018-04-05,Saree
CUST-130,Kasheen,Skirt,Clothing,1,2,17,1,2018-03-22,2018-03-22,Skirt
CUST-130,Kasheen,Stole,Clothing,1,3,137,1,2018-03-22,2018-03-22,Stole
CUST-130,Kasheen,T-shirt,Clothing,1,2,44,1,2018-03-22,2018-03-22,T-shirt
CUST-131,Kiran,Bookcases,Furniture,1,8,490,1,2018-07-21,2018-07-21,Bookcases
CUST-132,Kirti,Accessories,Electronics,1,3,93,1,2018-03-09,2018-03-09,Accessories
CUST-132,Kirti,Bookcases,Furniture,1,13,1901,3,2018-03-09,2018-04-29,Bookcases
CUST-132,Kirti,Chairs,Furniture,1,1,120,1,2018-03-09,2018-03-09,Chairs
CUST-132,Kirti,Electronic Games,Electronics,1,3,299,2,2018-04-29,2018-04-29,Electronic Games
CUST-132,Kirti,Hankerchief,Clothing,1,2,50,1,2018-04-29,2018-04-29,Hankerchief
CUST-132,Kirti,Saree,Clothing,1,7,425,1,2018-03-09,2018-03-09,Saree
CUST-132,Kirti,Shirt,Clothing,1,4,37,1,2018-04-29,2018-04-29,Shirt
CUST-132,Kirti,Skirt,Clothing,1,5,44,2,2018-03-09,2018-03-09,Skirt
CUST-132,Kirti,Stole,Clothing,1,9,247,2,2018-03-09,2018-03-09,Stole
CUST-133,Kishwar,Furnishings,Furniture,1,8,191,1,2018-07-01,2018-07-01,Furnishings
CUST-133,Kishwar,Phones,Electronics,1,5,709,1,2018-07-01,2018-07-01,Phones
CUST-133,Kishwar,Stole,Clothing,1,9,113,2,2018-07-01,2018-07-01,Stole
CUST-134,Komal,Printers,Electronics,1,2,285,1,2018-02-10,2018-02-10,Printers
CUST-134,Komal,Shirt,Clothing,1,9,195,1,2018-02-10,2018-02-10,Shirt
CUST-134,Komal,Stole,Clothing,1,2,51,1,2018-11-16,2018-11-16,Stole
CUST-135,Krishna,Hankerchief,Clothing,1,14,100,2,2018-10-29,2018-10-29,Hankerchief
CUST-135,Krishna,Stole,Clothing,1,3,45,1,2018-10-29,2018-10-29,Stole
CUST-136,Kritika,Accessories,Electronics,1,1,21,1,2018-06-24,2018-06-24,Accessories
CUST-136,Kritika,Furnishings,Furniture,1,1,20,1,2018-06-24,2018-06-24,Furnishings
CUST-136,Kritika,Leggings,Clothing,1,5,34,1,2018-06-24,2018-06-24,Leggings
CUST-136,Kritika,Stole,Clothing,1,2,49,1,2018-06-24,2018-06-24,Stole
CUST-137,Krutika,Accessories,Electronics,1,1,116,1,2018-01-14,2018-01-14,Accessories
CUST-137,Krutika,Bookcases,Furniture,1,9,1218,1,2018-01-14,2018-01-14,Bookcases
CUST-137,Krutika,Electronic Games,Electronics,1,2,188,1,2018-01-14,2018-01-14,Electronic Games
CUST-137,Krutika,Hankerchief,Clothing,1,7,66,2,2018-01-14,2018-01-14,Hankerchief
CUST-137,Krutika,Phones,Electronics,1,11,545,1,2018-06-07,2018-06-07,Phones
CUST-137,Krutika,Printers,Electronics,1,6,744,1,2018-01-14,2018-01-14,Printers
CUST-137,Krutika,Stole,Clothing,1,8,168,2,2018-01-14,2018-01-14,Stole
CUST-137,Krutika,T-shirt,Clothing,1,4,67,1,2018-01-14,2018-01-14,T-shirt
CUST-138,Kshitij,Hankerchief,Clothing,1,5,259,1,2018-10-10,2018-10-10,Hankerchief
CUST-139,Kushal,Bookcases,Furniture,1,3,336,1,2018-11-06,2018-11-06,Bookcases
CUST-139,Kushal,Hankerchief,Clothing,1,8,63,2,2018-11-06,2018-11-06,Hankerchief
CUST-139,Kushal,Kurti,Clothing,1,5,135,1,2018-11-06,2018-11-06,Kurti
CUST-139,Kushal,Printers,Electronics,1,2,300,1,2018-11-06,2018-11-06,Printers
CUST-139,Kushal,Saree,Clothing,1,5,165,2,2018-11-06,2018-11-06,Saree
CUST-139,Kushal,T-shirt,Clothing,1,16,384,3,2018-11-06,2018-11-06,T-shirt
CUST-140,Lalita,Chairs,Furniture,1,5,2115,1,2018-11-25,2018-11-25,Chairs
CUST-140,Lalita,Electronic Games,Electronics,1,6,1351,1,2018-11-25,2018-11-25,Electronic Games
CUST-140,Lalita,Hankerchief,Clothing,1,3,37,1,2018-11-25,2018-11-25,Hankerchief
CUST-140,Lalita,Leggings,Clothing,1,5,62,2,2018-11-25,2018-11-25,Leggings
CUST-140,Lalita,Trousers,Clothing,1,4,2244,1,2018-11-25,2018-11-25,Trousers
CUST-141,Lisha,Hankerchief,Clothing,1,2,100,1,2018-03-05,2018-03-05,Hankerchief
CUST-141,Lisha,Phones,Electronics,1,3,1629,1,2018-04-27,2018-04-27,Phones
CUST-142,Madan Mohan,Bookcases,Furniture,1,5,1854,1,2018-09-19,2018-09-19,Bookcases
CUST-142,Madan Mohan,Hankerchief,Clothing,1,8,398,1,2018-01-24,2018-01-24,Hankerchief
CUST-142,Madan Mohan,Leggings,Clothing,1,5,39,1,2018-01-24,2018-01-24,Leggings
CUST-142,Madan Mohan,Printers,Electronics,1,13,4141,1,2018-01-24,2018-01-24,Printers
CUST-142,Madan Mohan,Shirt,Clothing,1,2,79,1,2018-01-24,2018-01-24,Shirt
CUST-142,Madan Mohan,Skirt,Clothing,1,3,17,1,2018-09-19,2018-09-19,Skirt
CUST-142,Madan Mohan,Stole,Clothing,1,15,615,2,2018-01-24,2018-09-19,Stole
CUST-142,Madan Mohan,Tables,Furniture,1,3,623,1,2018-09-19,2018-09-19,Tables
CUST-143,Madhav,Bookcases,Furniture,1,5,2188,1,2018-08-25,2018-08-25,Bookcases
CUST-143,Madhav,Electronic Games,Electronics,1,12,591,2,2018-08-25,2018-08-25,Electronic Games
CUST-143,Madhav,Furnishings,Furniture,1,11,422,2,2018-02-03,2018-02-03,Furnishings
CUST-143,Madhav,Phones,Electronics,1,10,832,2,2018-02-03,2018-08-25,Phones
CUST-143,Madhav,Printers,Electronics,1,4,783,2,2018-02-03,2018-02-03,Printers
CUST-143,Madhav,Saree,Clothing,1,4,142,2,2018-08-25,2018-08-25,Saree
CUST-143,Madhav,Stole,Clothing,1,2,44,1,2018-02-03,2018-02-03,Stole
CUST-143,Madhav,Tables,Furniture,1,5,4363,1,2018-02-03,2018-02-03,Tables
CUST-144,Madhulika,Phones,Electronics,1,4,1549,1,2018-07-22,2018-07-22,Phones
CUST-145,Mahima,Bookcases,Furniture,1,9,1157,1,2018-01-18,2018-01-18,Bookcases
CUST-145,Mahima,Saree,Clothing,1,7,902,2,2018-01-18,2018-10-27,Saree
CUST-145,Mahima,Skirt,Clothing,1,5,17,1,2018-05-28,2018-05-28,Skirt
CUST-145,Mahima,Stole,Clothing,1,3,147,1,2018-01-18,2018-01-18,Stole
CUST-146,Maithilee,Chairs,Furniture,1,2,98,1,2018-06-26,2018-06-26,Chairs
CUST-146,Maithilee,Hankerchief,Clothing,1,5,33,1,2018-06-26,2018-06-26,Hankerchief
CUST-146,Maithilee,Shirt,Clothing,1,3,33,1,2018-06-26,2018-06-26,Shirt
CUST-146,Maithilee,Skirt,Clothing,1,2,10,1,2018-06-26,2018-06-26,Skirt
CUST-147,Mane,Stole,Clothing,1,8,391,1,2018-10-12,2018-10-12,Stole
CUST-148,Manibalan,Stole,Clothing,1,7,189,1,2018-11-15,2018-11-15,Stole
CUST-149,Manish,Leggings,Clothing,1,2,19,1,2018-04-25,2018-04-25,Leggings
CUST-149,Manish,Stole,Clothing,1,3,36,1,2018-02-28,2018-02-28,Stole
CUST-150,Manisha,Bookcases,Furniture,1,2,662,1,2018-01-25,2018-01-25,Bookcases
CUST-151,Manjiri,Hankerchief,Clothing,1,7,88,1,2018-01-31,2018-01-31,Hankerchief
CUST-151,Manjiri,Stole,Clothing,1,6,299,1,2018-01-31,2018-01-31,Stole
CUST-152,Manju,Accessories,Electronics,1,1,115,1,2018-02-20,2018-02-20,Accessories
CUST-152,Manju,Bookcases,Furniture,1,1,362,1,2018-04-18,2018-04-18,Bookcases
CUST-152,Manju,Hankerchief,Clothing,1,6,41,2,2018-03-27,2018-04-18,Hankerchief
CUST-152,Manju,Leggings,Clothing,1,4,59,1,2018-03-27,2018-03-27,Leggings
CUST-152,Manju,Phones,Electronics,1,2,1272,1,2018-02-20,2018-02-20,Phones
CUST-152,Manju,Shirt,Clothing,1,2,77,1,2018-02-20,2018-02-20,Shirt
CUST-152,Manju,Stole,Clothing,1,3,158,1,2018-03-27,2018-03-27,Stole
CUST-153,Manshul,Chairs,Furniture,1,2,55,1,2018-07-12,2018-07-12,Chairs
CUST-153,Manshul,Saree,Clothing,1,8,699,2,2018-07-12,2018-07-12,Saree
CUST-153,Manshul,Shirt,Clothing,1,3,90,1,2018-07-12,2018-07-12,Shirt
CUST-154,Mansi,Chairs,Furniture,1,2,90,1,2018-02-03,2018-02-03,Chairs
CUST-154,Mansi,Hankerchief,Clothing,1,2,13,1,2018-02-03,2018-02-03,Hankerchief
CUST-154,Mansi,Shirt,Clothing,1,7,188,1,2018-02-03,2018-02-03,Shirt
CUST-155,Masurkar,Stole,Clothing,1,4,121,1,2018-11-26,2018-11-26,Stole
CUST-156,Mayank,Accessories,Electronics,1,3,139,1,2018-03-10,2018-03-10,Accessories
CUST-156,Mayank,Electronic Games,Electronics,1,2,559,1,2018-03-10,2018-03-10,Electronic Games
CUST-156,Mayank,Furnishings,Furniture,1,8,76,1,2018-04-30,2018-04-30,Furnishings
CUST-156,Mayank,Hankerchief,Clothing,1,5,246,1,2018-03-10,2018-03-10,Hankerchief
CUST-156,Mayank,Saree,Clothing,1,2,88,1,2018-03-10,2018-03-10,Saree
CUST-156,Mayank,Shirt,Clothing,1,2,88,1,2018-03-10,2018-03-10,Shirt
CUST-156,Mayank,Stole,Clothing,1,11,433,3,2018-03-10,2018-03-10,Stole
CUST-157,Megha,Furnishings,Furniture,1,13,832,2,2018-07-05,2018-07-05,Furnishings
CUST-157,Megha,Leggings,Clothing,1,1,10,1,2018-07-05,2018-07-05,Leggings
CUST-157,Megha,Skirt,Clothing,1,4,25,1,2018-07-05,2018-07-05,Skirt
CUST-157,Megha,T-shirt,Clothing,1,10,190,3,2018-07-05,2018-11-24,T-shirt
CUST-158,Meghana,Stole,Clothing,1,3,139,1,2018-08-29,2018-08-29,Stole
CUST-159,Mhatre,Bookcases,Furniture,1,2,245,1,2018-01-11,2018-01-11,Bookcases
CUST-159,Mhatre,Electronic Games,Electronics,1,3,765,1,2018-01-11,2018-01-11,Electronic Games
CUST-159,Mhatre,Saree,Clothing,1,3,60,1,2018-01-11,2018-01-11,Saree
CUST-159,Mhatre,Shirt,Clothing,1,2,63,1,2018-01-11,2018-01-11,Shirt
CUST-160,Mitali,Bookcases,Furniture,1,2,244,1,2018-01-22,2018-01-22,Bookcases
CUST-160,Mitali,Trousers,Clothing,1,3,832,1,2018-05-27,2018-05-27,Trousers
CUST-161,Mohan,Bookcases,Furniture,1,8,933,2,2018-08-20,2018-08-20,Bookcases
CUST-161,Mohan,Leggings,Clothing,1,4,29,1,2018-08-20,2018-08-20,Leggings
CUST-161,Mohan,Phones,Electronics,1,4,465,1,2018-08-20,2018-08-20,Phones
CUST-161,Mohan,Printers,Electronics,1,2,643,1,2018-08-20,2018-08-20,Printers
CUST-161,Mohan,Saree,Clothing,1,9,1603,1,2018-04-12,2018-04-12,Saree
CUST-162,Monica,Bookcases,Furniture,1,4,595,1,2018-01-03,2018-01-03,Bookcases
CUST-162,Monica,Electronic Games,Electronics,1,5,351,1,2018-01-03,2018-01-03,Electronic Games
CUST-162,Monica,Hankerchief,Clothing,1,7,209,2,2018-01-03,2018-01-03,Hankerchief
CUST-162,Monica,T-shirt,Clothing,1,12,242,2,2018-01-03,2018-01-03,T-shirt
CUST-163,Monisha,Kurti,Clothing,1,1,6,1,2018-03-28,2018-03-28,Kurti
CUST-163,Monisha,Saree,Clothing,1,8,581,2,2018-02-22,2018-04-22,Saree
CUST-164,Monu,Bookcases,Furniture,1,3,1246,1,2018-12-04,2018-12-04,Bookcases
CUST-165,Moumita,Leggings,Clothing,1,7,79,2,2018-10-29,2018-10-29,Leggings
CUST-165,Moumita,Stole,Clothing,1,3,155,1,2018-10-29,2018-10-29,Stole
CUST-166,Mousam,Kurti,Clothing,1,2,47,1,2018-09-09,2018-09-09,Kurti
CUST-167,Mrinal,Bookcases,Furniture,1,5,741,1,2018-11-24,2018-11-24,Bookcases
CUST-167,Mrinal,Chairs,Furniture,1,6,719,1,2018-11-24,2018-11-24,Chairs
CUST-167,Mrinal,Furnishings,Furniture,1,3,165,1,2018-11-24,2018-11-24,Furnishings
CUST-167,Mrinal,Leggings,Clothing,1,4,46,1,2018-11-24,2018-11-24,Leggings
CUST-167,Mrinal,Stole,Clothing,1,5,140,1,2018-11-24,2018-11-24,Stole
CUST-167,Mrinal,T-shirt,Clothing,1,3,84,1,2018-11-24,2018-11-24,T-shirt
CUST-168,Mrunal,Accessories,Electronics,1,3,214,1,2018-11-03,2018-11-03,Accessories
CUST-168,Mrunal,Hankerchief,Clothing,1,8,273,2,2018-11-03,2018-11-03,Hankerchief
CUST-168,Mrunal,Skirt,Clothing,1,6,50,1,2018-11-03,2018-11-03,Skirt
CUST-168,Mrunal,Stole,Clothing,1,2,45,1,2018-11-03,2018-11-03,Stole
CUST-169,Mugdha,Saree,Clothing,1,3,71,1,2018-02-02,2018-02-02,Saree
CUST-170,Mukesh,Bookcases,Furniture,1,10,1117,1,2018-02-19,2018-02-19,Bookcases
CUST-170,Mukesh,Furnishings,Furniture,1,3,29,1,2018-02-19,2018-02-19,Furnishings
CUST-170,Mukesh,Hankerchief,Clothing,1,2,25,1,2018-03-26,2018-03-26,Hankerchief
CUST-170,Mukesh,Printers,Electronics,1,6,762,1,2018-03-26,2018-03-26,Printers
CUST-170,Mukesh,Stole,Clothing,1,5,125,2,2018-02-19,2018-02-19,Stole
CUST-170,Mukesh,T-shirt,Clothing,1,2,43,1,2018-03-26,2018-03-26,T-shirt
CUST-171,Mukund,Furnishings,Furniture,1,3,152,1,2018-01-13,2018-01-13,Furnishings
CUST-172,Muskan,Chairs,Furniture,1,7,1110,2,2018-01-18,2018-01-18,Chairs
CUST-172,Muskan,Hankerchief,Clothing,1,8,105,2,2018-01-18,2018-01-18,Hankerchief
CUST-172,Muskan,Kurti,Clothing,1,2,32,1,2018-01-18,2018-01-18,Kurti
CUST-172,Muskan,Phones,Electronics,1,10,889,2,2018-01-18,2018-01-18,Phones
CUST-172,Muskan,Shirt,Clothing,1,3,132,1,2018-01-18,2018-01-18,Shirt
CUST-173,Namrata,Chairs,Furniture,1,1,30,1,2018-07-15,2018-07-15,Chairs
CUST-174,Nandita,Electronic Games,Electronics,1,2,162,1,2018-02-08,2018-02-08,Electronic Games
CUST-174,Nandita,Saree,Clothing,1,3,147,1,2018-02-08,2018-02-08,Saree
CUST-175,Navdeep,Electronic Games,Electronics,1,7,482,1,2018-08-03,2018-08-03,Electronic Games
CUST-176,Neha,Electronic Games,Electronics,1,6,1599,1,2018-12-23,2018-12-23,Electronic Games
CUST-176,Neha,Phones,Electronics,1,7,977,1,2018-12-23,2018-12-23,Phones
CUST-176,Neha,Printers,Electronics,1,2,636,1,2018-12-23,2018-12-23,Printers
CUST-176,Neha,Stole,Clothing,1,7,110,1,2018-12-23,2018-12-23,Stole
CUST-176,Neha,T-shirt,Clothing,1,1,28,1,2018-12-23,2018-12-23,T-shirt
CUST-177,Nida,Chairs,Furniture,1,7,312,1,2018-05-11,2018-05-11,Chairs
CUST-177,Nida,Hankerchief,Clothing,1,7,57,3,2018-05-11,2018-05-11,Hankerchief
CUST-177,Nida,Saree,Clothing,1,13,506,2,2018-05-11,2018-05-11,Saree
CUST-177,Nida,Skirt,Clothing,1,10,83,2,2018-05-11,2018-05-11,Skirt
CUST-177,Nida,Stole,Clothing,1,5,146,1,2018-03-16,2018-03-16,Stole
CUST-177,Nida,Trousers,Clothing,1,2,97,1,2018-05-11,2018-05-11,Trousers
CUST-178,Nidhi,Furnishings,Furniture,1,6,302,1,2018-03-03,2018-03-03,Furnishings
CUST-178,Nidhi,Hankerchief,Clothing,1,3,40,1,2018-04-26,2018-04-26,Hankerchief
CUST-178,Nidhi,Saree,Clothing,1,4,561,2,2018-03-03,2018-04-26,Saree
CUST-178,Nidhi,Skirt,Clothing,1,2,23,1,2018-04-26,2018-04-26,Skirt
CUST-178,Nidhi,Stole,Clothing,1,8,403,2,2018-03-03,2018-03-03,Stole
CUST-179,Nikhil,Saree,Clothing,1,4,61,1,2018-01-05,2018-01-05,Saree
CUST-180,Nikita,Leggings,Clothing,1,1,15,1,2018-10-24,2018-10-24,Leggings
CUST-180,Nikita,Saree,Clothing,1,11,887,3,2018-10-24,2018-10-24,Saree
CUST-181,Nirja,Skirt,Clothing,1,9,79,1,2018-01-31,2018-01-31,Skirt
CUST-182,Nishant,Electronic Games,Electronics,1,4,755,2,2018-08-14,2018-08-14,Electronic Games
CUST-182,Nishant,Hankerchief,Clothing,1,9,97,2,2018-08-14,2018-08-14,Hankerchief
CUST-182,Nishant,Kurti,Clothing,1,1,10,1,2018-08-14,2018-08-14,Kurti
CUST-182,Nishant,Leggings,Clothing,1,2,14,1,2018-08-14,2018-08-14,Leggings
CUST-182,Nishant,Phones,Electronics,1,4,174,2,2018-08-14,2018-08-14,Phones
CUST-182,Nishant,Saree,Clothing,1,2,43,1,2018-08-14,2018-08-14,Saree
CUST-182,Nishant,Shirt,Clothing,1,3,43,1,2018-08-14,2018-08-14,Shirt
CUST-183,Nishi,Hankerchief,Clothing,1,8,32,1,2018-03-04,2018-03-04,Hankerchief
CUST-183,Nishi,Saree,Clothing,1,5,637,1,2018-04-26,2018-04-26,Saree
CUST-184,Nitant,Electronic Games,Electronics,1,2,47,1,2018-08-12,2018-08-12,Electronic Games
CUST-184,Nitant,Leggings,Clothing,1,2,8,1,2018-08-12,2018-08-12,Leggings
CUST-184,Nitant,Phones,Electronics,1,3,224,1,2018-08-12,2018-08-12,Phones
CUST-184,Nitant,Shirt,Clothing,1,4,141,1,2018-08-12,2018-08-12,Shirt
CUST-185,Noopur,Kurti,Clothing,1,3,44,1,2018-06-21,2018-06-21,Kurti
CUST-185,Noopur,Phones,Electronics,1,3,117,1,2018-06-21,2018-06-21,Phones
CUST-185,Noopur,Printers,Electronics,1,3,887,1,2018-06-21,2018-06-21,Printers
CUST-185,Noopur,Saree,Clothing,1,8,559,3,2018-06-21,2018-06-21,Saree
CUST-186,Noshiba,Chairs,Furniture,1,3,58,1,2018-08-27,2018-08-27,Chairs
CUST-187,Nripraj,Accessories,Electronics,1,3,307,1,2018-10-10,2018-10-10,Accessories
CUST-187,Nripraj,Hankerchief,Clothing,1,9,55,2,2018-10-10,2018-10-10,Hankerchief
CUST-187,Nripraj,Saree,Clothing,1,6,1120,1,2018-10-10,2018-10-10,Saree
CUST-187,Nripraj,Shirt,Clothing,1,3,45,1,2018-10-10,2018-10-10,Shirt
CUST-187,Nripraj,Stole,Clothing,1,2,92,1,2018-10-10,2018-10-10,Stole
CUST-188,Omkar,Phones,Electronics,1,5,196,1,2018-02-03,2018-02-03,Phones
CUST-189,Oshin,Chairs,Furniture,1,3,346,1,2018-01-20,2018-01-20,Chairs
CUST-189,Oshin,Electronic Games,Electronics,1,11,1270,1,2018-01-20,2018-01-20,Electronic Games
CUST-189,Oshin,Saree,Clothing,1,5,89,1,2018-01-20,2018-01-20,Saree
CUST-189,Oshin,Stole,Clothing,1,4,199,1,2018-01-20,2018-01-20,Stole
CUST-190,Palak,Stole,Clothing,1,5,263,1,2018-10-29,2018-10-29,Stole
CUST-191,Parakh,Saree,Clothing,1,3,86,1,2018-11-19,2018-11-19,Saree
CUST-192,Paridhi,Accessories,Electronics,1,2,166,1,2018-03-06,2018-03-06,Accessories
CUST-192,Paridhi,Hankerchief,Clothing,1,6,284,1,2018-03-06,2018-03-06,Hankerchief
CUST-192,Paridhi,Phones,Electronics,1,4,487,1,2018-03-06,2018-03-06,Phones
CUST-192,Paridhi,Printers,Electronics,1,2,382,1,2018-03-06,2018-03-06,Printers
CUST-192,Paridhi,Saree,Clothing,1,24,1869,4,2018-03-06,2018-04-27,Saree
CUST-192,Paridhi,Shirt,Clothing,1,3,32,1,2018-03-06,2018-03-06,Shirt
CUST-192,Paridhi,Stole,Clothing,1,2,38,1,2018-03-06,2018-03-06,Stole
CUST-192,Paridhi,T-shirt,Clothing,1,7,325,1,2018-03-06,2018-03-06,T-shirt
CUST-192,Paridhi,Trousers,Clothing,1,2,68,1,2018-04-27,2018-04-27,Trousers
CUST-193,Parin,Electronic Games,Electronics,1,4,1063,1,2018-01-27,2018-01-27,Electronic Games
CUST-193,Parin,Stole,Clothing,1,7,341,1,2018-01-27,2018-01-27,Stole
CUST-194,Parishi,Accessories,Electronics,1,2,490,1,2018-03-07,2018-03-07,Accessories
CUST-194,Parishi,Bookcases,Furniture,1,10,1345,2,2018-03-07,2018-03-07,Bookcases
CUST-194,Parishi,Electronic Games,Electronics,1,5,600,1,2018-03-07,2018-03-07,Electronic Games
CUST-194,Parishi,Furnishings,Furniture,1,1,22,1,2018-04-27,2018-04-27,Furnishings
CUST-194,Parishi,Hankerchief,Clothing,1,10,85,1,2018-03-07,2018-03-07,Hankerchief
CUST-194,Parishi,Printers,Electronics,1,7,1337,1,2018-03-07,2018-03-07,Printers
CUST-194,Parishi,Saree,Clothing,1,2,382,1,2018-03-07,2018-03-07,Saree
CUST-194,Parishi,Stole,Clothing,1,7,296,2,2018-03-07,2018-03-07,Stole
CUST-194,Parishi,T-shirt,Clothing,1,6,184,1,2018-03-07,2018-03-07,T-shirt
CUST-195,Parna,Hankerchief,Clothing,1,9,76,1,2018-06-18,2018-06-18,Hankerchief
CUST-195,Parna,Phones,Electronics,1,2,140,2,2018-06-18,2018-06-18,Phones
CUST-195,Parna,Saree,Clothing,1,12,664,2,2018-06-18,2018-06-18,Saree
CUST-195,Parna,Skirt,Clothing,1,2,13,1,2018-06-18,2018-06-18,Skirt
CUST-195,Parna,T-shirt,Clothing,1,5,82,1,2018-06-18,2018-06-18,T-shirt
CUST-196,Parnavi,Stole,Clothing,1,3,87,1,2018-02-08,2018-02-08,Stole
CUST-197,Paromita,Accessories,Electronics,1,7,811,1,2018-01-21,2018-01-21,Accessories
CUST-198,Parth,Accessories,Electronics,1,2,163,1,2018-03-04,2018-03-04,Accessories
CUST-198,Parth,Bookcases,Furniture,1,3,182,1,2018-04-26,2018-04-26,Bookcases
CUST-198,Parth,Chairs,Furniture,1,6,401,1,2018-03-04,2018-03-04,Chairs
CUST-198,Parth,Furnishings,Furniture,1,8,880,1,2018-04-26,2018-04-26,Furnishings
CUST-198,Parth,Hankerchief,Clothing,1,3,154,1,2018-04-26,2018-04-26,Hankerchief
CUST-198,Parth,Printers,Electronics,1,3,816,1,2018-04-26,2018-04-26,Printers
CUST-198,Parth,Tables,Furniture,1,5,1461,1,2018-03-04,2018-03-04,Tables
CUST-198,Parth,Trousers,Clothing,1,4,1104,1,2018-03-04,2018-03-04,Trousers
CUST-199,Patil,Furnishings,Furniture,1,4,149,1,2018-02-07,2018-02-07,Furnishings
CUST-199,Patil,Hankerchief,Clothing,1,2,13,1,2018-02-07,2018-02-07,Hankerchief
CUST-199,Patil,Skirt,Clothing,1,8,58,2,2018-02-07,2018-02-07,Skirt
CUST-200,Pearl,Saree,Clothing,1,2,199,1,2018-02-13,2018-02-13,Saree
CUST-200,Pearl,Stole,Clothing,1,2,34,1,2018-03-21,2018-03-21,Stole
CUST-201,Phalguni,Kurti,Clothing,1,1,40,1,2018-12-15,2018-12-15,Kurti
CUST-202,Pinky,Accessories,Electronics,1,3,82,1,2018-03-29,2018-03-29,Accessories
CUST-202,Pinky,Chairs,Furniture,1,3,497,1,2018-03-29,2018-03-29,Chairs
CUST-202,Pinky,Electronic Games,Electronics,1,3,369,1,2018-02-23,2018-02-23,Electronic Games
CUST-202,Pinky,Hankerchief,Clothing,1,2,97,1,2018-04-23,2018-04-23,Hankerchief
CUST-202,Pinky,Leggings,Clothing,1,8,155,2,2018-03-29,2018-04-23,Leggings
CUST-202,Pinky,Phones,Electronics,1,3,520,1,2018-02-23,2018-02-23,Phones
CUST-202,Pinky,Saree,Clothing,1,19,1335,3,2018-02-23,2018-04-23,Saree
CUST-202,Pinky,Skirt,Clothing,1,5,46,1,2018-03-29,2018-03-29,Skirt
CUST-202,Pinky,T-shirt,Clothing,1,2,59,1,2018-03-29,2018-03-29,T-shirt
CUST-203,Piyali,Tables,Furniture,1,2,610,1,2018-05-25,2018-05-25,Tables
CUST-204,Piyam,T-shirt,Clothing,1,4,193,1,2018-01-25,2018-01-25,T-shirt
CUST-205,Pooja,Furnishings,Furniture,1,2,35,1,2018-04-24,2018-04-24,Furnishings
CUST-205,Pooja,Printers,Electronics,1,8,654,2,2018-06-11,2018-08-24,Printers
CUST-205,Pooja,Saree,Clothing,1,6,600,2,2018-04-24,2018-06-11,Saree
CUST-205,Pooja,Shirt,Clothing,1,3,130,1,2018-02-24,2018-02-24,Shirt
CUST-205,Pooja,Skirt,Clothing,1,4,45,1,2018-04-24,2018-04-24,Skirt
CUST-205,Pooja,Stole,Clothing,1,2,52,1,2018-02-24,2018-02-24,Stole
CUST-205,Pooja,T-shirt,Clothing,1,3,71,2,2018-02-24,2018-02-24,T-shirt
CUST-205,Pooja,Tables,Furniture,1,6,1829,1,2018-06-11,2018-06-11,Tables
CUST-206,Pournamasi,Hankerchief,Clothing,1,7,159,2,2018-03-21,2018-03-21,Hankerchief
CUST-206,Pournamasi,Printers,Electronics,1,6,1808,2,2018-03-21,2018-05-19,Printers
CUST-206,Pournamasi,Saree,Clothing,1,3,29,1,2018-03-21,2018-03-21,Saree
CUST-206,Pournamasi,Stole,Clothing,1,9,290,1,2018-03-21,2018-03-21,Stole
CUST-207,Pradeep,Kurti,Clothing,1,5,179,1,2018-12-12,2018-12-12,Kurti
CUST-208,Prajakta,Chairs,Furniture,1,2,148,1,2018-12-28,2018-12-28,Chairs
CUST-209,Pranav,Electronic Games,Electronics,1,3,108,1,2018-07-29,2018-07-29,Electronic Games
CUST-209,Pranav,Furnishings,Furniture,1,3,57,1,2018-11-20,2018-11-20,Furnishings
CUST-209,Pranav,Hankerchief,Clothing,1,9,473,1,2018-11-20,2018-11-20,Hankerchief
CUST-209,Pranav,Kurti,Clothing,1,1,10,1,2018-11-20,2018-11-20,Kurti
CUST-209,Pranav,Saree,Clothing,1,7,845,1,2018-11-20,2018-11-20,Saree
CUST-210,Praneet,Printers,Electronics,1,5,743,1,2018-10-13,2018-10-13,Printers
CUST-211,Pranjali,Saree,Clothing,1,7,1250,1,2018-10-30,2018-10-30,Saree
CUST-212,Prashant,Furnishings,Furniture,1,2,217,1,2018-02-04,2018-02-04,Furnishings
CUST-212,Prashant,Hankerchief,Clothing,1,2,31,1,2018-02-04,2018-02-04,Hankerchief
CUST-212,Prashant,Phones,Electronics,1,2,333,1,2018-02-04,2018-02-04,Phones
CUST-212,Prashant,Saree,Clothing,1,1,189,1,2018-02-04,2018-02-04,Saree
CUST-212,Prashant,Shirt,Clothing,1,6,286,1,2018-02-04,2018-02-04,Shirt
CUST-212,Prashant,Skirt,Clothing,1,6,62,1,2018-02-04,2018-02-04,Skirt
CUST-212,Prashant,Stole,Clothing,1,2,47,1,2018-02-04,2018-02-04,Stole
CUST-213,Pratiksha,Furnishings,Furniture,1,3,53,1,2018-01-19,2018-01-19,Furnishings
CUST-214,Pratyusmita,Bookcases,Furniture,1,1,83,1,2018-05-20,2018-05-20,Bookcases
CUST-214,Pratyusmita,Phones,Electronics,1,8,1487,3,2018-05-20,2018-05-20,Phones
CUST-215,Preksha,T-shirt,Clothing,1,6,102,1,2018-12-16,2018-12-16,T-shirt
CUST-216,Priyanka,Chairs,Furniture,1,3,173,1,2018-01-13,2018-01-13,Chairs
CUST-216,Priyanka,Electronic Games,Electronics,1,6,1559,2,2018-01-13,2018-05-11,Electronic Games
CUST-216,Priyanka,Hankerchief,Clothing,1,15,157,6,2018-01-13,2018-05-11,Hankerchief
CUST-216,Priyanka,Printers,Electronics,1,5,651,1,2018-05-11,2018-05-11,Printers
CUST-216,Priyanka,Saree,Clothing,1,19,2623,6,2018-01-13,2018-05-11,Saree
CUST-216,Priyanka,Skirt,Clothing,1,21,217,3,2018-01-13,2018-05-11,Skirt
CUST-216,Priyanka,Stole,Clothing,1,5,30,1,2018-05-11,2018-05-11,Stole
CUST-216,Priyanka,Trousers,Clothing,1,5,352,1,2018-01-13,2018-01-13,Trousers
CUST-217,Priyanshu,Bookcases,Furniture,1,1,73,1,2018-08-14,2018-08-14,Bookcases
CUST-217,Priyanshu,Chairs,Furniture,1,2,212,1,2018-08-14,2018-08-14,Chairs
CUST-217,Priyanshu,Furnishings,Furniture,1,9,617,2,2018-08-14,2018-08-14,Furnishings
CUST-217,Priyanshu,Saree,Clothing,1,4,407,2,2018-08-14,2018-08-14,Saree
CUST-217,Priyanshu,Shirt,Clothing,1,1,19,1,2018-08-14,2018-08-14,Shirt
CUST-217,Priyanshu,Skirt,Clothing,1,12,42,1,2018-08-14,2018-08-14,Skirt
CUST-217,Priyanshu,Stole,Clothing,1,3,22,1,2018-08-14,2018-08-14,Stole
CUST-218,Rachna,Stole,Clothing,1,2,27,1,2018-05-05,2018-05-05,Stole
CUST-218,Rachna,T-shirt,Clothing,1,1,20,1,2018-03-12,2018-03-12,T-shirt
CUST-219,Rahul,Saree,Clothing,1,6,105,1,2018-01-04,2018-01-04,Saree
CUST-220,Raksha,Chairs,Furniture,1,4,158,1,2018-07-08,2018-07-08,Chairs
CUST-221,Ramesh,Saree,Clothing,1,8,353,1,2018-04-18,2018-04-18,Saree
CUST-221,Ramesh,T-shirt,Clothing,1,3,118,2,2018-02-20,2018-03-27,T-shirt
CUST-222,Rane,Saree,Clothing,1,2,58,1,2018-08-03,2018-08-03,Saree
CUST-222,Rane,Skirt,Clothing,1,2,7,1,2018-08-03,2018-08-03,Skirt
CUST-222,Rane,Stole,Clothing,1,3,40,1,2018-08-03,2018-08-03,Stole
CUST-223,Rashmi,Furnishings,Furniture,1,7,141,1,2018-06-17,2018-06-17,Furnishings
CUST-223,Rashmi,Stole,Clothing,1,2,29,1,2018-07-12,2018-07-12,Stole
CUST-224,Rhea,Bookcases,Furniture,1,2,742,1,2018-01-22,2018-01-22,Bookcases
CUST-224,Rhea,Furnishings,Furniture,1,3,123,1,2018-05-24,2018-05-24,Furnishings
CUST-224,Rhea,Phones,Electronics,1,3,365,1,2018-01-22,2018-01-22,Phones
CUST-224,Rhea,Printers,Electronics,1,2,203,1,2018-01-22,2018-01-22,Printers
CUST-224,Rhea,Stole,Clothing,1,4,111,1,2018-01-22,2018-01-22,Stole
CUST-225,Rishabh,Accessories,Electronics,1,4,187,1,2018-07-22,2018-07-22,Accessories
CUST-225,Rishabh,Chairs,Furniture,1,7,556,2,2018-07-22,2018-07-22,Chairs
CUST-225,Rishabh,Hankerchief,Clothing,1,2,18,1,2018-07-22,2018-07-22,Hankerchief
CUST-225,Rishabh,Phones,Electronics,1,3,1145,1,2018-07-22,2018-07-22,Phones
CUST-225,Rishabh,Stole,Clothing,1,5,96,1,2018-07-22,2018-07-22,Stole
CUST-226,Ritu,Furnishings,Furniture,1,7,265,2,2018-02-27,2018-04-24,Furnishings
CUST-227,Riya,Accessories,Electronics,1,3,126,1,2018-06-29,2018-06-29,Accessories
CUST-227,Riya,Phones,Electronics,1,3,102,1,2018-06-29,2018-06-29,Phones
CUST-228,Rohan,Accessories,Electronics,1,1,59,1,2018-10-18,2018-10-18,Accessories
CUST-228,Rohan,Electronic Games,Electronics,1,23,4131,4,2018-10-18,2018-12-06,Electronic Games
CUST-228,Rohan,Furnishings,Furniture,1,7,354,3,2018-10-18,2018-11-03,Furnishings
CUST-228,Rohan,Hankerchief,Clothing,1,13,91,4,2018-11-03,2018-12-06,Hankerchief
CUST-228,Rohan,Phones,Electronics,1,3,223,1,2018-12-02,2018-12-02,Phones
CUST-228,Rohan,Stole,Clothing,1,3,43,1,2018-12-06,2018-12-06,Stole
CUST-229,Rohit,Hankerchief,Clothing,1,1,15,1,2018-09-15,2018-09-15,Hankerchief
CUST-230,Rutuja,Hankerchief,Clothing,1,8,60,1,2018-09-14,2018-09-14,Hankerchief
CUST-230,Rutuja,Kurti,Clothing,1,4,25,1,2018-09-14,2018-09-14,Kurti
CUST-230,Rutuja,Printers,Electronics,1,7,584,1,2018-09-14,2018-09-14,Printers
CUST-230,Rutuja,Stole,Clothing,1,2,45,1,2018-09-14,2018-09-14,Stole
CUST-230,Rutuja,T-shirt,Clothing,1,2,30,1,2018-09-14,2018-09-14,T-shirt
CUST-230,Rutuja,Trousers,Clothing,1,5,767,1,2018-09-14,2018-09-14,Trousers
CUST-231,Sabah,Electronic Games,Electronics,1,2,269,1,2018-05-10,2018-05-10,Electronic Games
CUST-231,Sabah,Furnishings,Furniture,1,6,243,2,2018-05-10,2018-05-10,Furnishings
CUST-231,Sabah,Hankerchief,Clothing,1,3,34,1,2018-05-10,2018-05-10,Hankerchief
CUST-231,Sabah,Printers,Electronics,1,3,450,1,2018-05-10,2018-05-10,Printers
CUST-231,Sabah,Saree,Clothing,1,5,283,2,2018-05-10,2018-05-10,Saree
CUST-231,Sabah,Stole,Clothing,1,2,105,1,2018-05-10,2018-05-10,Stole
CUST-232,Sagar,Electronic Games,Electronics,1,5,305,1,2018-04-17,2018-04-17,Electronic Games
CUST-232,Sagar,Stole,Clothing,1,3,80,1,2018-03-27,2018-03-27,Stole
CUST-232,Sagar,T-shirt,Clothing,1,4,54,1,2018-02-20,2018-02-20,T-shirt
CUST-233,Sahil,Hankerchief,Clothing,1,4,113,1,2018-02-26,2018-02-26,Hankerchief
CUST-233,Sahil,Kurti,Clothing,1,7,156,2,2018-04-24,2018-04-24,Kurti
CUST-233,Sahil,Phones,Electronics,1,2,143,1,2018-04-24,2018-04-24,Phones
CUST-233,Sahil,Stole,Clothing,1,10,211,3,2018-02-26,2018-04-24,Stole
CUST-233,Sahil,T-shirt,Clothing,1,4,34,1,2018-04-24,2018-04-24,T-shirt
CUST-233,Sahil,Trousers,Clothing,1,3,833,1,2018-02-26,2018-02-26,Trousers
CUST-234,Sajal,Electronic Games,Electronics,1,1,42,1,2018-09-23,2018-09-23,Electronic Games
CUST-235,Sakshi,Bookcases,Furniture,1,5,674,2,2018-09-02,2018-09-02,Bookcases
CUST-235,Sakshi,Chairs,Furniture,1,12,287,1,2018-09-02,2018-09-02,Chairs
CUST-235,Sakshi,Furnishings,Furniture,1,1,110,1,2018-09-02,2018-09-02,Furnishings
CUST-235,Sakshi,Hankerchief,Clothing,1,4,100,1,2018-07-06,2018-07-06,Hankerchief
CUST-236,Saloni,Hankerchief,Clothing,1,3,17,1,2018-01-21,2018-01-21,Hankerchief
CUST-237,Samiksha,Chairs,Furniture,1,2,134,1,2018-06-09,2018-06-09,Chairs
CUST-238,Sandeep,Furnishings,Furniture,1,2,94,1,2018-10-14,2018-10-14,Furnishings
CUST-238,Sandeep,Hankerchief,Clothing,1,13,103,2,2018-10-14,2018-10-14,Hankerchief
CUST-238,Sandeep,Kurti,Clothing,1,4,36,1,2018-10-14,2018-10-14,Kurti
CUST-238,Sandeep,Leggings,Clothing,1,2,32,1,2018-10-14,2018-10-14,Leggings
CUST-239,Sandra,Accessories,Electronics,1,7,155,2,2018-12-25,2018-12-25,Accessories
CUST-239,Sandra,T-shirt,Clothing,1,5,170,1,2018-12-25,2018-12-25,T-shirt
CUST-240,Sanjana,Hankerchief,Clothing,1,12,151,2,2018-10-29,2018-10-29,Hankerchief
CUST-240,Sanjana,Printers,Electronics,1,7,2138,2,2018-09-02,2018-10-29,Printers
CUST-240,Sanjana,Stole,Clothing,1,3,161,1,2018-10-29,2018-10-29,Stole
CUST-241,Sanjay,Chairs,Furniture,1,3,389,1,2018-04-26,2018-04-26,Chairs
CUST-241,Sanjay,Skirt,Clothing,1,3,28,1,2018-03-02,2018-03-02,Skirt
CUST-241,Sanjay,T-shirt,Clothing,1,2,100,1,2018-12-21,2018-12-21,T-shirt
CUST-242,Sanjna,Kurti,Clothing,1,4,14,1,2018-06-11,2018-06-11,Kurti
CUST-242,Sanjna,Saree,Clothing,1,7,744,2,2018-06-11,2018-06-11,Saree
CUST-242,Sanjna,Stole,Clothing,1,1,17,1,2018-06-11,2018-06-11,Stole
CUST-242,Sanjna,T-shirt,Clothing,1,3,51,1,2018-06-11,2018-06-11,T-shirt
CUST-243,Sanjova,Kurti,Clothing,1,2,26,1,2018-08-28,2018-08-28,Kurti
CUST-243,Sanjova,Phones,Electronics,1,2,765,1,2018-08-28,2018-08-28,Phones
CUST-243,Sanjova,Saree,Clothing,1,2,349,1,2018-08-28,2018-08-28,Saree
CUST-243,Sanjova,T-shirt,Clothing,1,5,119,1,2018-08-28,2018-08-28,T-shirt
CUST-244,Sanskriti,Kurti,Clothing,1,2,55,1,2018-03-17,2018-03-17,Kurti
CUST-244,Sanskriti,T-shirt,Clothing,1,7,148,1,2018-05-15,2018-05-15,T-shirt
CUST-245,Saptadeep,Furnishings,Furniture,1,3,127,1,2018-11-27,2018-11-27,Furnishings
CUST-245,Saptadeep,Hankerchief,Clothing,1,9,162,2,2018-11-27,2018-11-27,Hankerchief
CUST-245,Saptadeep,Leggings,Clothing,1,10,115,2,2018-11-27,2018-11-27,Leggings
CUST-246,Sarita,Accessories,Electronics,1,6,713,2,2018-02-21,2018-03-27,Accessories
CUST-246,Sarita,Bookcases,Furniture,1,5,852,1,2018-03-27,2018-03-27,Bookcases
CUST-246,Sarita,Hankerchief,Clothing,1,10,141,2,2018-02-21,2018-03-27,Hankerchief
CUST-246,Sarita,Leggings,Clothing,1,5,81,1,2018-03-27,2018-03-27,Leggings
CUST-246,Sarita,Printers,Electronics,1,11,3331,3,2018-02-21,2018-04-20,Printers
CUST-246,Sarita,Saree,Clothing,1,4,181,2,2018-03-27,2018-03-27,Saree
CUST-246,Sarita,Shirt,Clothing,1,3,89,1,2018-02-21,2018-02-21,Shirt
CUST-246,Sarita,Skirt,Clothing,1,1,11,1,2018-02-21,2018-02-21,Skirt
CUST-246,Sarita,Stole,Clothing,1,5,50,1,2018-02-21,2018-02-21,Stole
CUST-247,Sathya,Bookcases,Furniture,1,2,388,1,2018-12-04,2018-12-04,Bookcases
CUST-248,Sauptik,Accessories,Electronics,1,4,976,1,2018-09-30,2018-09-30,Accessories
CUST-248,Sauptik,Bookcases,Furniture,1,2,148,1,2018-09-30,2018-09-30,Bookcases
CUST-248,Sauptik,Chairs,Furniture,1,9,413,1,2018-09-30,2018-09-30,Chairs
CUST-248,Sauptik,Hankerchief,Clothing,1,2,31,1,2018-09-30,2018-09-30,Hankerchief
CUST-248,Sauptik,Saree,Clothing,1,5,89,1,2018-09-30,2018-09-30,Saree
CUST-248,Sauptik,Tables,Furniture,1,5,1630,1,2018-09-30,2018-09-30,Tables
CUST-249,Saurabh,Phones,Electronics,1,2,146,1,2018-01-12,2018-01-12,Phones
CUST-249,Saurabh,Shirt,Clothing,1,2,57,1,2018-11-22,2018-11-22,Shirt
CUST-250,Savi,Tables,Furniture,1,3,1361,1,2018-09-12,2018-09-12,Tables
CUST-251,Shaily,Chairs,Furniture,1,9,424,1,2018-06-27,2018-06-27,Chairs
CUST-251,Shaily,Saree,Clothing,1,7,337,2,2018-06-27,2018-06-27,Saree
CUST-251,Shaily,Shirt,Clothing,1,3,75,1,2018-06-27,2018-06-27,Shirt
CUST-251,Shaily,Tables,Furniture,1,3,941,1,2018-06-27,2018-06-27,Tables
CUST-252,Shantanu,Hankerchief,Clothing,1,6,175,2,2018-01-13,2018-01-13,Hankerchief
CUST-252,Shantanu,Trousers,Clothing,1,2,140,1,2018-01-13,2018-01-13,Trousers
CUST-253,Sharda,Bookcases,Furniture,1,2,659,1,2018-03-10,2018-03-10,Bookcases
CUST-253,Sharda,Printers,Electronics,1,5,736,1,2018-03-10,2018-03-10,Printers
CUST-253,Sharda,Saree,Clothing,1,4,42,1,2018-05-03,2018-05-03,Saree
CUST-253,Sharda,T-shirt,Clothing,1,4,54,1,2018-03-10,2018-03-10,T-shirt
CUST-253,Sharda,Trousers,Clothing,1,3,224,1,2018-03-10,2018-03-10,Trousers
CUST-254,Shardul,Accessories,Electronics,1,6,1547,1,2018-01-09,2018-01-09,Accessories
CUST-254,Shardul,Hankerchief,Clothing,1,9,163,2,2018-01-09,2018-01-09,Hankerchief
CUST-254,Shardul,Saree,Clothing,1,3,149,1,2018-01-09,2018-01-09,Saree
CUST-254,Shardul,Stole,Clothing,1,4,48,1,2018-01-09,2018-01-09,Stole
CUST-255,Shatayu,Bookcases,Furniture,1,2,394,1,2018-11-28,2018-11-28,Bookcases
CUST-255,Shatayu,Chairs,Furniture,1,2,734,1,2018-11-28,2018-11-28,Chairs
CUST-255,Shatayu,Shirt,Clothing,1,2,94,1,2018-11-28,2018-11-28,Shirt
CUST-255,Shatayu,Stole,Clothing,1,7,349,1,2018-11-28,2018-11-28,Stole
CUST-256,Sheetal,Bookcases,Furniture,1,2,168,1,2018-07-19,2018-07-19,Bookcases
CUST-256,Sheetal,Chairs,Furniture,1,3,156,1,2018-10-23,2018-10-23,Chairs
CUST-256,Sheetal,Furnishings,Furniture,1,5,315,2,2018-06-10,2018-06-10,Furnishings
CUST-256,Sheetal,Phones,Electronics,1,3,529,1,2018-06-10,2018-06-10,Phones
CUST-256,Sheetal,Printers,Electronics,1,8,1543,1,2018-11-02,2018-11-02,Printers
CUST-256,Sheetal,Shirt,Clothing,1,4,45,1,2018-06-10,2018-06-10,Shirt
CUST-257,Shefali,Accessories,Electronics,1,5,193,1,2018-03-16,2018-03-16,Accessories
CUST-257,Shefali,T-shirt,Clothing,1,2,27,1,2018-05-14,2018-05-14,T-shirt
CUST-258,Shikhar,Furnishings,Furniture,1,2,61,1,2018-01-05,2018-01-05,Furnishings
CUST-258,Shikhar,Saree,Clothing,1,8,619,2,2018-01-04,2018-01-04,Saree
CUST-258,Shikhar,Stole,Clothing,1,6,140,2,2018-01-04,2018-01-05,Stole
CUST-259,Shishu,Bookcases,Furniture,1,13,2830,1,2018-10-01,2018-10-01,Bookcases
CUST-259,Shishu,Hankerchief,Clothing,1,4,61,1,2018-10-01,2018-10-01,Hankerchief
CUST-259,Shishu,Printers,Electronics,1,2,448,1,2018-10-01,2018-10-01,Printers
CUST-259,Shishu,Saree,Clothing,1,2,379,1,2018-10-01,2018-10-01,Saree
CUST-259,Shishu,Stole,Clothing,1,5,85,2,2018-10-01,2018-10-01,Stole
CUST-260,Shiva,Accessories,Electronics,1,7,1716,1,2018-01-16,2018-01-16,Accessories
CUST-260,Shiva,Bookcases,Furniture,1,8,2927,1,2018-01-16,2018-01-16,Bookcases
CUST-260,Shiva,Phones,Electronics,1,5,200,1,2018-01-16,2018-01-16,Phones
CUST-260,Shiva,Printers,Electronics,1,3,954,1,2018-01-16,2018-01-16,Printers
CUST-260,Shiva,Saree,Clothing,1,2,39,1,2018-01-16,2018-01-16,Saree
CUST-260,Shiva,Skirt,Clothing,1,4,45,1,2018-01-16,2018-01-16,Skirt
CUST-260,Shiva,Stole,Clothing,1,5,110,1,2018-01-16,2018-01-16,Stole
CUST-260,Shiva,T-shirt,Clothing,1,12,348,2,2018-01-16,2018-01-16,T-shirt
CUST-261,Shivam,Accessories,Electronics,1,9,685,2,2018-08-17,2018-08-17,Accessories
CUST-261,Shivam,Furnishings,Furniture,1,5,47,1,2018-08-17,2018-08-17,Furnishings
CUST-261,Shivam,Hankerchief,Clothing,1,2,27,1,2018-08-17,2018-08-17,Hankerchief
CUST-261,Shivam,Kurti,Clothing,1,5,62,1,2018-08-17,2018-08-17,Kurti
CUST-261,Shivam,Saree,Clothing,1,2,87,1,2018-08-10,2018-08-10,Saree
CUST-261,Shivam,Stole,Clothing,1,8,77,1,2018-08-17,2018-08-17,Stole
CUST-261,Shivam,T-shirt,Clothing,1,12,261,2,2018-08-17,2018-08-17,T-shirt
CUST-261,Shivam,Trousers,Clothing,1,6,341,1,2018-08-17,2018-08-17,Trousers
CUST-262,Shivangi,Bookcases,Furniture,1,2,284,1,2018-01-27,2018-01-27,Bookcases
CUST-262,Shivangi,Hankerchief,Clothing,1,6,68,3,2018-01-27,2018-09-15,Hankerchief
CUST-262,Shivangi,Kurti,Clothing,1,3,82,1,2018-01-27,2018-01-27,Kurti
CUST-262,Shivangi,Leggings,Clothing,1,6,33,1,2018-09-15,2018-09-15,Leggings
CUST-262,Shivangi,Saree,Clothing,1,3,560,1,2018-01-27,2018-01-27,Saree
CUST-262,Shivangi,Shirt,Clothing,1,5,78,2,2018-01-27,2018-09-15,Shirt
CUST-262,Shivangi,Stole,Clothing,1,1,25,1,2018-09-15,2018-09-15,Stole
CUST-263,Shivani,Hankerchief,Clothing,1,9,122,2,2018-12-04,2018-12-04,Hankerchief
CUST-263,Shivani,Stole,Clothing,1,5,129,2,2018-07-01,2018-12-04,Stole
CUST-264,Shivanshu,Chairs,Furniture,1,3,511,1,2018-10-05,2018-10-05,Chairs
CUST-264,Shivanshu,Electronic Games,Electronics,1,1,269,1,2018-10-05,2018-10-05,Electronic Games
CUST-264,Shivanshu,Printers,Electronics,1,2,757,1,2018-10-05,2018-10-05,Printers
CUST-264,Shivanshu,Saree,Clothing,1,6,765,1,2018-10-05,2018-10-05,Saree
CUST-264,Shivanshu,Shirt,Clothing,1,5,137,1,2018-10-05,2018-10-05,Shirt
CUST-264,Shivanshu,Stole,Clothing,1,4,185,1,2018-10-05,2018-10-05,Stole
CUST-264,Shivanshu,Trousers,Clothing,1,4,642,2,2018-10-05,2018-10-05,Trousers
CUST-265,Shourya,Bookcases,Furniture,1,6,850,2,2018-08-19,2018-08-19,Bookcases
CUST-265,Shourya,Chairs,Furniture,1,2,134,1,2018-08-19,2018-08-19,Chairs
CUST-265,Shourya,Saree,Clothing,1,10,384,3,2018-08-19,2018-08-19,Saree
CUST-265,Shourya,Stole,Clothing,1,7,127,2,2018-08-19,2018-08-19,Stole
CUST-265,Shourya,Trousers,Clothing,1,3,1709,1,2018-08-19,2018-08-19,Trousers
CUST-266,Shreya,Bookcases,Furniture,1,2,171,1,2018-01-18,2018-01-18,Bookcases
CUST-266,Shreya,Chairs,Furniture,1,6,472,2,2018-09-06,2018-09-06,Chairs
CUST-266,Shreya,Electronic Games,Electronics,1,6,409,2,2018-09-06,2018-12-31,Electronic Games
CUST-266,Shreya,Furnishings,Furniture,1,3,155,1,2018-06-08,2018-06-08,Furnishings
CUST-266,Shreya,Hankerchief,Clothing,1,5,92,2,2018-01-17,2018-01-17,Hankerchief
CUST-266,Shreya,Phones,Electronics,1,10,859,3,2018-01-17,2018-06-08,Phones
CUST-266,Shreya,Printers,Electronics,1,3,433,1,2018-06-08,2018-06-08,Printers
CUST-266,Shreya,Saree,Clothing,1,21,1537,4,2018-05-31,2018-09-06,Saree
CUST-266,Shreya,Shirt,Clothing,1,4,89,1,2018-01-17,2018-01-17,Shirt
CUST-266,Shreya,Stole,Clothing,1,5,148,1,2018-06-08,2018-06-08,Stole
CUST-267,Shreyoshe,Trousers,Clothing,1,6,1582,1,2018-09-01,2018-09-01,Trousers
CUST-268,Shreyshi,Bookcases,Furniture,1,7,2452,1,2018-01-21,2018-01-21,Bookcases
CUST-268,Shreyshi,Printers,Electronics,1,2,720,1,2018-01-21,2018-01-21,Printers
CUST-268,Shreyshi,T-shirt,Clothing,1,6,171,1,2018-01-21,2018-01-21,T-shirt
CUST-269,Shrichand,Chairs,Furniture,1,2,259,1,2018-04-12,2018-04-12,Chairs
CUST-269,Shrichand,Phones,Electronics,1,8,1824,1,2018-02-18,2018-02-18,Phones
CUST-269,Shrichand,Saree,Clothing,1,5,218,2,2018-03-26,2018-03-26,Saree
CUST-269,Shrichand,Stole,Clothing,1,2,40,1,2018-03-26,2018-03-26,Stole
CUST-269,Shrichand,Trousers,Clothing,1,3,1487,1,2018-03-26,2018-03-26,Trousers
CUST-270,Shruti,Chairs,Furniture,1,3,1228,1,2018-12-29,2018-12-29,Chairs
CUST-270,Shruti,Electronic Games,Electronics,1,3,314,1,2018-12-29,2018-12-29,Electronic Games
CUST-270,Shruti,Furnishings,Furniture,1,14,772,2,2018-01-13,2018-03-18,Furnishings
CUST-270,Shruti,Hankerchief,Clothing,1,12,172,2,2018-01-13,2018-03-18,Hankerchief
CUST-270,Shruti,Leggings,Clothing,1,1,13,1,2018-01-13,2018-01-13,Leggings
CUST-270,Shruti,Printers,Electronics,1,7,2266,2,2018-01-13,2018-01-13,Printers
CUST-270,Shruti,Saree,Clothing,1,8,381,2,2018-01-13,2018-05-16,Saree
CUST-270,Shruti,Shirt,Clothing,1,10,315,2,2018-01-13,2018-03-18,Shirt
CUST-270,Shruti,Stole,Clothing,1,8,214,3,2018-01-13,2018-12-29,Stole
CUST-270,Shruti,Trousers,Clothing,1,1,75,1,2018-03-18,2018-03-18,Trousers
CUST-271,Shubham,Bookcases,Furniture,1,2,311,1,2018-02-09,2018-02-09,Bookcases
CUST-271,Shubham,Chairs,Furniture,1,4,597,1,2018-02-06,2018-02-06,Chairs
CUST-271,Shubham,Furnishings,Furniture,1,7,342,1,2018-11-08,2018-11-08,Furnishings
CUST-271,Shubham,Hankerchief,Clothing,1,15,552,3,2018-11-08,2018-11-08,Hankerchief
CUST-271,Shubham,Printers,Electronics,1,3,676,1,2018-02-06,2018-02-06,Printers
CUST-271,Shubham,Saree,Clothing,1,5,434,2,2018-11-08,2018-11-08,Saree
CUST-271,Shubham,Skirt,Clothing,1,4,43,1,2018-02-06,2018-02-06,Skirt
CUST-271,Shubham,Stole,Clothing,1,11,245,3,2018-08-22,2018-11-08,Stole
CUST-271,Shubham,Trousers,Clothing,1,3,187,1,2018-08-01,2018-08-01,Trousers
CUST-272,Shubhi,Hankerchief,Clothing,1,2,7,1,2018-06-25,2018-06-25,Hankerchief
CUST-272,Shubhi,Shirt,Clothing,1,5,129,1,2018-06-25,2018-06-25,Shirt
CUST-272,Shubhi,Stole,Clothing,1,3,44,1,2018-06-25,2018-06-25,Stole
CUST-273,Shweta,Electronic Games,Electronics,1,11,964,2,2018-01-31,2018-06-30,Electronic Games
CUST-273,Shweta,Furnishings,Furniture,1,7,749,1,2018-01-31,2018-01-31,Furnishings
CUST-273,Shweta,Kurti,Clothing,1,3,22,1,2018-01-27,2018-01-27,Kurti
CUST-273,Shweta,Leggings,Clothing,1,5,71,1,2018-01-31,2018-01-31,Leggings
CUST-273,Shweta,Printers,Electronics,1,3,487,1,2018-01-31,2018-01-31,Printers
CUST-274,Shyam,Furnishings,Furniture,1,2,101,1,2018-10-20,2018-10-20,Furnishings
CUST-275,Siddharth,Hankerchief,Clothing,1,12,118,3,2018-09-24,2018-09-24,Hankerchief
CUST-275,Siddharth,Kurti,Clothing,1,8,120,2,2018-09-24,2018-11-24,Kurti
CUST-275,Siddharth,Saree,Clothing,1,15,1659,2,2018-09-24,2018-09-24,Saree
CUST-275,Siddharth,Skirt,Clothing,1,4,24,1,2018-09-24,2018-09-24,Skirt
CUST-276,Sidharth,Chairs,Furniture,1,3,73,1,2018-01-04,2018-01-04,Chairs
CUST-277,Smriti,Accessories,Electronics,1,3,122,1,2018-01-01,2018-01-01,Accessories
CUST-277,Smriti,Furnishings,Furniture,1,1,25,1,2018-01-01,2018-01-01,Furnishings
CUST-278,Sneha,Bookcases,Furniture,1,4,544,2,2018-10-31,2018-10-31,Bookcases
CUST-278,Sneha,Saree,Clothing,1,6,262,1,2018-10-31,2018-10-31,Saree
CUST-279,Snehal,Furnishings,Furniture,1,2,38,1,2018-09-07,2018-09-07,Furnishings
CUST-280,Snel,Kurti,Clothing,1,4,82,1,2018-11-03,2018-11-03,Kurti
CUST-280,Snel,Phones,Electronics,1,4,274,1,2018-11-03,2018-11-03,Phones
CUST-280,Snel,Printers,Electronics,1,2,757,1,2018-11-03,2018-11-03,Printers
CUST-280,Snel,Stole,Clothing,1,5,132,1,2018-11-03,2018-11-03,Stole
CUST-281,Sonakshi,Chairs,Furniture,1,1,78,1,2018-02-14,2018-02-14,Chairs
CUST-281,Sonakshi,Leggings,Clothing,1,4,50,1,2018-04-06,2018-04-06,Leggings
CUST-281,Sonakshi,T-shirt,Clothing,1,6,109,1,2018-03-22,2018-03-22,T-shirt
CUST-282,Sonal,Accessories,Electronics,1,2,220,1,2018-03-10,2018-03-10,Accessories
CUST-282,Sonal,Bookcases,Furniture,1,3,213,1,2018-03-10,2018-03-10,Bookcases
CUST-282,Sonal,Hankerchief,Clothing,1,19,433,6,2018-03-10,2018-03-10,Hankerchief
CUST-282,Sonal,Kurti,Clothing,1,4,19,1,2018-03-10,2018-03-10,Kurti
CUST-282,Sonal,Phones,Electronics,1,6,391,1,2018-03-10,2018-03-10,Phones
CUST-282,Sonal,Saree,Clothing,1,4,723,2,2018-03-10,2018-05-01,Saree
CUST-282,Sonal,Stole,Clothing,1,3,70,1,2018-03-10,2018-03-10,Stole
CUST-283,Soodesh,Leggings,Clothing,1,7,94,1,2018-11-03,2018-11-03,Leggings
CUST-284,Soumya,Electronic Games,Electronics,1,6,510,1,2018-01-21,2018-01-21,Electronic Games
CUST-284,Soumya,Hankerchief,Clothing,1,6,20,1,2018-08-23,2018-08-23,Hankerchief
CUST-285,Soumyabrata,Hankerchief,Clothing,1,6,69,2,2018-11-07,2018-11-07,Hankerchief
CUST-285,Soumyabrata,Kurti,Clothing,1,5,105,1,2018-11-07,2018-11-07,Kurti
CUST-285,Soumyabrata,Printers,Electronics,1,1,320,1,2018-11-07,2018-11-07,Printers
CUST-285,Soumyabrata,Stole,Clothing,1,3,147,2,2018-11-07,2018-11-07,Stole
CUST-285,Soumyabrata,Tables,Furniture,1,4,869,1,2018-11-07,2018-11-07,Tables
CUST-286,Srishti,Phones,Electronics,1,3,416,1,2018-07-10,2018-07-10,Phones
CUST-287,Stuti,Hankerchief,Clothing,1,2,11,1,2018-07-09,2018-07-09,Hankerchief
CUST-287,Stuti,Shirt,Clothing,1,7,340,1,2018-07-09,2018-07-09,Shirt
CUST-288,Subhashree,Chairs,Furniture,1,12,482,4,2018-05-17,2018-05-17,Chairs
CUST-288,Subhashree,Hankerchief,Clothing,1,8,47,3,2018-03-19,2018-05-17,Hankerchief
CUST-289,Subhasmita,T-shirt,Clothing,1,7,167,1,2018-06-18,2018-06-18,T-shirt
CUST-290,Sudevi,Furnishings,Furniture,1,4,119,1,2018-01-21,2018-01-21,Furnishings
CUST-290,Sudevi,Saree,Clothing,1,9,229,1,2018-01-21,2018-01-21,Saree
CUST-290,Sudevi,Skirt,Clothing,1,2,17,1,2018-01-21,2018-01-21,Skirt
CUST-291,Sudheer,Printers,Electronics,1,3,321,1,2018-10-05,2018-10-05,Printers
CUST-291,Sudheer,T-shirt,Clothing,1,5,156,1,2018-10-05,2018-10-05,T-shirt
CUST-292,Sudhir,Chairs,Furniture,1,7,1819,2,2018-01-04,2018-01-04,Chairs
CUST-292,Sudhir,Hankerchief,Clothing,1,3,150,1,2018-01-04,2018-01-04,Hankerchief
CUST-293,Suhani,Shirt,Clothing,1,9,171,1,2018-06-18,2018-06-18,Shirt
CUST-294,Sujay,Accessories,Electronics,1,3,108,1,2018-12-13,2018-12-13,Accessories
CUST-294,Sujay,Phones,Electronics,1,8,1945,2,2018-12-13,2018-12-13,Phones
CUST-294,Sujay,Saree,Clothing,1,3,168,1,2018-12-13,2018-12-13,Saree
CUST-294,Sujay,Skirt,Clothing,1,2,12,1,2018-12-13,2018-12-13,Skirt
CUST-295,Sukant,Phones,Electronics,1,2,276,1,2018-09-24,2018-09-24,Phones
CUST-296,Sukrith,Accessories,Electronics,1,1,28,1,2018-09-24,2018-09-24,Accessories
CUST-296,Sukrith,Chairs,Furniture,1,5,239,1,2018-09-24,2018-09-24,Chairs
CUST-296,Sukrith,Saree,Clothing,1,10,817,3,2018-09-24,2018-09-24,Saree
CUST-296,Sukrith,Stole,Clothing,1,7,78,1,2018-09-24,2018-09-24,Stole
CUST-296,Sukrith,Trousers,Clothing,1,2,559,1,2018-09-24,2018-09-24,Trousers
CUST-297,Sukruta,Electronic Games,Electronics,1,1,277,1,2018-12-19,2018-12-19,Electronic Games
CUST-298,Suman,Hankerchief,Clothing,1,4,207,2,2018-10-09,2018-10-09,Hankerchief
CUST-299,Sumeet,Hankerchief,Clothing,1,4,24,1,2018-11-28,2018-11-28,Hankerchief
CUST-300,Surabhi,Electronic Games,Electronics,1,4,724,1,2018-09-11,2018-09-11,Electronic Games
CUST-300,Surabhi,Printers,Electronics,1,6,1506,1,2018-09-11,2018-09-11,Printers
CUST-300,Surabhi,Saree,Clothing,1,17,1320,4,2018-07-11,2018-09-11,Saree
CUST-301,Suraj,Furnishings,Furniture,1,3,159,1,2018-12-10,2018-12-10,Furnishings
CUST-301,Suraj,Hankerchief,Clothing,1,5,219,2,2018-12-10,2018-12-10,Hankerchief
CUST-301,Suraj,T-shirt,Clothing,1,2,90,1,2018-12-10,2018-12-10,T-shirt
CUST-302,Surbhi,Bookcases,Furniture,1,3,366,1,2018-01-18,2018-01-18,Bookcases
CUST-302,Surbhi,Leggings,Clothing,1,5,34,1,2018-01-18,2018-01-18,Leggings
CUST-302,Surbhi,Printers,Electronics,1,3,446,1,2018-01-18,2018-01-18,Printers
CUST-302,Surbhi,Saree,Clothing,1,2,355,1,2018-09-02,2018-09-02,Saree
CUST-302,Surbhi,Shirt,Clothing,1,3,48,1,2018-01-18,2018-01-18,Shirt
CUST-302,Surbhi,Skirt,Clothing,1,6,60,2,2018-01-18,2018-01-18,Skirt
CUST-303,Swapnil,Bookcases,Furniture,1,2,871,1,2018-12-10,2018-12-10,Bookcases
CUST-303,Swapnil,Chairs,Furniture,1,2,83,1,2018-12-10,2018-12-10,Chairs
CUST-303,Swapnil,Saree,Clothing,1,4,462,1,2018-10-10,2018-10-10,Saree
CUST-303,Swapnil,T-shirt,Clothing,1,7,118,1,2018-10-10,2018-10-10,T-shirt
CUST-304,Swati,Saree,Clothing,1,2,86,1,2018-11-03,2018-11-03,Saree
CUST-305,Sweta,Electronic Games,Electronics,1,4,399,2,2018-03-20,2018-05-17,Electronic Games
CUST-305,Sweta,Furnishings,Furniture,1,11,385,1,2018-05-17,2018-05-17,Furnishings
CUST-305,Sweta,T-shirt,Clothing,1,2,24,1,2018-05-17,2018-05-17,T-shirt
CUST-306,Swetha,Saree,Clothing,1,5,352,1,2018-06-11,2018-06-11,Saree
CUST-307,Swetlana,Stole,Clothing,1,4,31,1,2018-07-01,2018-07-01,Stole
CUST-308,Syed,Saree,Clothing,1,3,169,1,2018-01-10,2018-01-10,Saree
CUST-309,Tanushree,Printers,Electronics,1,2,637,1,2018-10-22,2018-10-22,Printers
CUST-310,Tanvi,Electronic Games,Electronics,1,7,934,1,2018-05-22,2018-05-22,Electronic Games
CUST-311,Teena,Phones,Electronics,1,3,137,1,2018-09-13,2018-09-13,Phones
CUST-312,Tejas,Saree,Clothing,1,2,34,1,2018-10-18,2018-10-18,Saree
CUST-313,Tejeswini,Bookcases,Furniture,1,3,544,1,2018-01-19,2018-01-19,Bookcases
CUST-313,Tejeswini,Electronic Games,Electronics,1,1,312,1,2018-01-19,2018-01-19,Electronic Games
CUST-313,Tejeswini,Printers,Electronics,1,2,260,1,2018-01-19,2018-01-19,Printers
CUST-314,Trupti,Electronic Games,Electronics,1,3,672,2,2018-01-14,2018-01-14,Electronic Games
CUST-314,Trupti,Furnishings,Furniture,1,4,189,1,2018-01-14,2018-01-14,Furnishings
CUST-314,Trupti,Leggings,Clothing,1,2,27,1,2018-01-14,2018-01-14,Leggings
CUST-314,Trupti,Phones,Electronics,1,1,146,1,2018-01-14,2018-01-14,Phones
CUST-314,Trupti,Saree,Clothing,1,5,891,1,2018-01-14,2018-01-14,Saree
CUST-314,Trupti,Shirt,Clothing,1,2,48,1,2018-01-14,2018-01-14,Shirt
CUST-314,Trupti,Stole,Clothing,1,3,44,1,2018-01-14,2018-01-14,Stole
CUST-315,Tulika,Bookcases,Furniture,1,4,618,1,2018-03-16,2018-03-16,Bookcases
CUST-315,Tulika,Chairs,Furniture,1,4,288,1,2018-05-13,2018-05-13,Chairs
CUST-315,Tulika,Electronic Games,Electronics,1,4,1021,1,2018-05-13,2018-05-13,Electronic Games
CUST-315,Tulika,Hankerchief,Clothing,1,4,53,1,2018-03-16,2018-03-16,Hankerchief
CUST-315,Tulika,Phones,Electronics,1,6,332,1,2018-05-13,2018-05-13,Phones
CUST-315,Tulika,Printers,Electronics,1,7,1137,1,2018-03-16,2018-03-16,Printers
CUST-315,Tulika,Saree,Clothing,1,11,1152,2,2018-03-16,2018-05-13,Saree
CUST-315,Tulika,T-shirt,Clothing,1,4,67,1,2018-03-16,2018-03-16,T-shirt
CUST-316,Turumella,Leggings,Clothing,1,6,57,1,2018-07-22,2018-07-22,Leggings
CUST-316,Turumella,Trousers,Clothing,1,4,327,1,2018-07-22,2018-07-22,Trousers
CUST-317,Tushina,Accessories,Electronics,1,3,174,1,2018-05-08,2018-05-08,Accessories
CUST-317,Tushina,Hankerchief,Clothing,1,7,34,2,2018-05-08,2018-05-08,Hankerchief
CUST-317,Tushina,Leggings,Clothing,1,7,55,2,2018-05-08,2018-05-08,Leggings
CUST-317,Tushina,Saree,Clothing,1,3,206,1,2018-05-08,2018-05-08,Saree
CUST-317,Tushina,Skirt,Clothing,1,7,24,1,2018-05-08,2018-05-08,Skirt
CUST-317,Tushina,Stole,Clothing,1,6,107,3,2018-03-15,2018-03-15,Stole
CUST-318,Utkarsh,Skirt,Clothing,1,9,80,1,2018-12-20,2018-12-20,Skirt
CUST-319,Utsav,Hankerchief,Clothing,1,4,126,1,2018-10-10,2018-10-10,Hankerchief
CUST-320,Uudhav,Accessories,Electronics,1,7,294,1,2018-11-13,2018-11-13,Accessories
CUST-320,Uudhav,Bookcases,Furniture,1,2,223,1,2018-11-13,2018-11-13,Bookcases
CUST-320,Uudhav,Electronic Games,Electronics,1,11,2457,1,2018-11-13,2018-11-13,Electronic Games
CUST-320,Uudhav,Hankerchief,Clothing,1,3,22,1,2018-11-13,2018-11-13,Hankerchief
CUST-320,Uudhav,Saree,Clothing,1,3,464,2,2018-11-13,2018-11-13,Saree
CUST-320,Uudhav,Shirt,Clothing,1,2,82,1,2018-11-13,2018-11-13,Shirt
CUST-320,Uudhav,Skirt,Clothing,1,6,56,2,2018-11-13,2018-11-13,Skirt
CUST-321,Vaibhav,Bookcases,Furniture,1,9,1361,1,2018-08-14,2018-08-14,Bookcases
CUST-321,Vaibhav,Chairs,Furniture,1,1,33,1,2018-08-14,2018-08-14,Chairs
CUST-321,Vaibhav,Electronic Games,Electronics,1,9,761,1,2018-08-14,2018-08-14,Electronic Games
CUST-321,Vaibhav,Hankerchief,Clothing,1,2,8,1,2018-08-14,2018-08-14,Hankerchief
CUST-321,Vaibhav,Printers,Electronics,1,6,735,1,2018-08-14,2018-08-14,Printers
CUST-321,Vaibhav,Stole,Clothing,1,5,76,1,2018-08-14,2018-08-14,Stole
CUST-321,Vaibhav,T-shirt,Clothing,1,6,91,1,2018-08-14,2018-08-14,T-shirt
CUST-322,Vaibhavi,Hankerchief,Clothing,1,3,148,1,2018-09-02,2018-09-02,Hankerchief
CUST-323,Vandana,Bookcases,Furniture,1,4,494,1,2018-04-13,2018-04-13,Bookcases
CUST-323,Vandana,Electronic Games,Electronics,1,3,409,2,2018-03-26,2018-04-13,Electronic Games
CUST-323,Vandana,Hankerchief,Clothing,1,3,46,1,2018-03-26,2018-03-26,Hankerchief
CUST-323,Vandana,Saree,Clothing,1,7,119,1,2018-03-26,2018-03-26,Saree
CUST-323,Vandana,Stole,Clothing,1,16,388,3,2018-02-19,2018-03-26,Stole
CUST-324,Vijay,Accessories,Electronics,1,3,114,1,2018-06-22,2018-06-22,Accessories
CUST-324,Vijay,Phones,Electronics,1,1,73,1,2018-06-22,2018-06-22,Phones
CUST-324,Vijay,Printers,Electronics,1,13,1622,2,2018-06-22,2018-06-22,Printers
CUST-324,Vijay,Skirt,Clothing,1,1,4,1,2018-06-22,2018-06-22,Skirt
CUST-324,Vijay,Stole,Clothing,1,3,67,1,2018-06-22,2018-06-22,Stole
CUST-324,Vijay,Trousers,Clothing,1,3,115,1,2018-06-22,2018-06-22,Trousers
CUST-325,Vikash,Accessories,Electronics,1,2,170,1,2018-11-18,2018-11-18,Accessories
CUST-325,Vikash,Phones,Electronics,1,1,62,1,2018-11-18,2018-11-18,Phones
CUST-325,Vikash,Tables,Furniture,1,2,1118,1,2018-11-18,2018-11-18,Tables
CUST-326,Vineet,Accessories,Electronics,1,5,197,2,2018-01-05,2018-01-05,Accessories
CUST-326,Vineet,Electronic Games,Electronics,1,4,469,1,2018-01-05,2018-01-05,Electronic Games
CUST-327,Vini,Accessories,Electronics,1,5,425,1,2018-02-23,2018-02-23,Accessories
CUST-327,Vini,Chairs,Furniture,1,6,185,1,2018-03-28,2018-03-28,Chairs
CUST-327,Vini,Electronic Games,Electronics,1,5,671,1,2018-03-28,2018-03-28,Electronic Games
CUST-327,Vini,Hankerchief,Clothing,1,8,156,4,2018-03-28,2018-04-22,Hankerchief
CUST-327,Vini,Leggings,Clothing,1,2,39,1,2018-03-28,2018-03-28,Leggings
CUST-327,Vini,Printers,Electronics,1,5,663,1,2018-03-28,2018-03-28,Printers
CUST-328,Vipul,Stole,Clothing,1,1,16,1,2018-10-07,2018-10-07,Stole
CUST-329,Vishakha,Furnishings,Furniture,1,2,98,1,2018-08-21,2018-08-21,Furnishings
CUST-329,Vishakha,Hankerchief,Clothing,1,11,137,3,2018-08-21,2018-08-21,Hankerchief
CUST-329,Vishakha,Printers,Electronics,1,6,2125,1,2018-12-01,2018-12-01,Printers
CUST-329,Vishakha,Shirt,Clothing,1,6,83,1,2018-12-01,2018-12-01,Shirt
CUST-329,Vishakha,Skirt,Clothing,1,9,63,2,2018-08-21,2018-08-21,Skirt
CUST-329,Vishakha,Stole,Clothing,1,13,429,3,2018-08-21,2018-08-21,Stole
CUST-329,Vishakha,T-shirt,Clothing,1,5,34,1,2018-08-21,2018-08-21,T-shirt
CUST-329,Vishakha,Trousers,Clothing,1,7,3151,1,2018-08-21,2018-08-21,Trousers
CUST-330,Vivek,Hankerchief,Clothing,1,2,13,1,2018-01-06,2018-01-06,Hankerchief
CUST-330,Vivek,Leggings,Clothing,1,4,46,1,2018-01-06,2018-01-06,Leggings
CUST-330,Vivek,Stole,Clothing,1,2,55,1,2018-01-06,2018-01-06,Stole
CUST-331,Vrinda,Accessories,Electronics,1,6,688,1,2018-12-04,2018-12-04,Accessories
CUST-331,Vrinda,Kurti,Clothing,1,3,61,1,2018-12-04,2018-12-04,Kurti
CUST-331,Vrinda,Phones,Electronics,1,11,3209,3,2018-04-01,2018-04-01,Phones
CUST-331,Vrinda,Printers,Electronics,1,3,372,1,2018-12-04,2018-12-04,Printers
CUST-331,Vrinda,Saree,Clothing,1,14,829,3,2018-04-01,2018-12-04,Saree
CUST-331,Vrinda,Shirt,Clothing,1,7,223,1,2018-12-04,2018-12-04,Shirt
CUST-331,Vrinda,Stole,Clothing,1,10,438,2,2018-12-04,2018-12-04,Stole
CUST-332,Wale,Electronic Games,Electronics,1,3,76,1,2018-07-18,2018-07-18,Electronic Games
CUST-332,Wale,Leggings,Clothing,1,2,12,1,2018-07-18,2018-07-18,Leggings
CUST-332,Wale,Stole,Clothing,1,3,42,2,2018-07-18,2018-07-18,Stole
CUST-333,Yaanvi,Phones,Electronics,1,9,456,2,2018-05-01,2018-05-01,Phones
CUST-333,Yaanvi,Printers,Electronics,1,1,133,1,2018-05-01,2018-05-01,Printers
CUST-333,Yaanvi,T-shirt,Clothing,1,4,86,1,2018-05-01,2018-05-01,T-shirt
CUST-334,Yash,Accessories,Electronics,1,11,633,1,2018-10-05,2018-10-05,Accessories
CUST-334,Yash,Saree,Clothing,1,5,25,1,2018-10-05,2018-10-05,Saree
CUST-334,Yash,Shirt,Clothing,1,1,23,1,2018-10-05,2018-10-05,Shirt
CUST-334,Yash,Skirt,Clothing,1,2,13,1,2018-10-05,2018-10-05,Skirt
CUST-334,Yash,Stole,Clothing,1,2,95,1,2018-10-05,2018-10-05,Stole
CUST-335,Yogesh,Accessories,Electronics,1,14,575,4,2018-02-16,2018-04-09,Accessories
CUST-335,Yogesh,Bookcases,Furniture,1,7,2292,1,2018-02-04,2018-02-04,Bookcases
CUST-335,Yogesh,Electronic Games,Electronics,1,2,231,1,2018-02-04,2018-02-04,Electronic Games
CUST-335,Yogesh,Furnishings,Furniture,1,2,30,1,2018-04-09,2018-04-09,Furnishings
CUST-335,Yogesh,Hankerchief,Clothing,1,4,64,2,2018-02-04,2018-02-04,Hankerchief
CUST-335,Yogesh,Leggings,Clothing,1,3,43,1,2018-03-24,2018-03-24,Leggings
CUST-335,Yogesh,Printers,Electronics,1,10,1857,2,2018-04-09,2018-04-09,Printers
CUST-335,Yogesh,Saree,Clothing,1,6,77,2,2018-03-24,2018-04-09,Saree
CUST-335,Yogesh,Stole,Clothing,1,4,107,1,2018-04-09,2018-04-09,Stole
CUST-335,Yogesh,T-shirt,Clothing,1,3,145,1,2018-03-24,2018-03-24,T-shirt
CUST-336,Yohann,Bookcases,Furniture,1,3,1314,1,2018-02-04,2018-02-04,Bookcases
